avg_cluster_size	consistency	t	combo
5	0.12877228414960967	5.22414231300354	ba + he + hy
10	0.1442498155124869	3.741147518157959	ba + he + hy
15	0.1475705907484367	3.2997729778289795	ba + he + hy
20	0.149124169806191	2.561206102371216	ba + he + hy
25	0.14997863828795588	2.3412139415740967	ba + he + hy
30	0.15349361090612498	2.3648617267608643	ba + he + hy
35	0.15625121373363887	2.1039960384368896	ba + he + hy
40	0.19186701363265624	2.108959197998047	ba + he + hy
45	0.18978910164290985	1.7792363166809082	ba + he + hy
50	0.18986678059579756	2.265522003173828	ba + he + hy
55	0.19081834776867207	1.7891199588775635	ba + he + hy
60	0.19112906358022294	2.412278413772583	ba + he + hy
65	0.19124558200955452	1.8654975891113281	ba + he + hy
70	0.19110964384200102	2.1465442180633545	ba + he + hy
75	0.19151745834466152	1.753526210784912	ba + he + hy
80	0.19200295180020974	1.6873993873596191	ba + he + hy
85	0.19188643337087816	1.8494279384613037	ba + he + hy
90	0.19227482813531674	1.8372218608856201	ba + he + hy
95	0.19243018604109216	2.0086617469787598	ba + he + hy
100	0.19437215986328504	1.7278156280517578	ba + he + hy
105	0.19091544645978173	1.698298692703247	ba + he + hy
110	0.19458577698372626	1.9372565746307373	ba + he + hy
115	0.19309045714063774	1.6367478370666504	ba + he + hy
120	0.1940031848370684	1.6562485694885254	ba + he + hy
125	0.19472171515127976	1.7650790214538574	ba + he + hy
130	0.1944109993397289	1.8614850044250488	ba + he + hy
135	0.1944109993397289	1.6134881973266602	ba + he + hy
140	0.1945469375072824	1.6704962253570557	ba + he + hy
145	0.19608109682681477	1.6759653091430664	ba + he + hy
150	0.19666368897347264	1.5873005390167236	ba + he + hy
155	0.19611993630325864	1.6095850467681885	ba + he + hy
160	0.19646949159125335	1.627959966659546	ba + he + hy
165	0.19635297316192177	1.8866503238677979	ba + he + hy
170	0.20542199091156252	1.5775654315948486	ba + he + hy
175	0.21456868761409095	1.6446683406829834	ba + he + hy
180	0.21429681127898395	1.7432653903961182	ba + he + hy
185	0.2144521691847594	1.5625104904174805	ba + he + hy
190	0.21482114421097603	1.5703158378601074	ba + he + hy
195	0.21588922981318212	1.756204605102539	ba + he + hy
5	0.127315803782965	6.087446928024292	z
10	0.14409445760671147	3.8060429096221924	z
15	0.14502660504136405	3.209289312362671	z
20	0.18705091855361788	3.0254390239715576	z
25	0.18864333708781605	2.590923547744751	z
30	0.18796364625004855	2.3254599571228027	z
35	0.19056589117178702	2.0939290523529053	z
40	0.19281858080553074	1.977475881576538	z
45	0.19314871635530353	2.0749237537384033	z
50	0.19196411232376587	2.1738147735595703	z
55	0.20950013593816755	1.8851237297058105	z
60	0.19147861886821765	1.9797141551971436	z
65	0.2085874082417369	2.1281023025512695	z
70	0.20953897541461142	1.883389949798584	z
75	0.19342059269041054	1.7989757061004639	z
80	0.19330407426107896	1.962576150894165	z
85	0.19309045714063774	1.7098731994628906	z
90	0.19375072824018333	1.891045331954956	z
95	0.1938672466695149	1.6901414394378662	z
100	0.19340117295218862	2.0659327507019043	z
105	0.21016040703771313	1.7071514129638672	z
110	0.19361479007262983	1.6737685203552246	z
115	0.21192760321590864	1.6852028369903564	z
120	0.21214122033634986	1.6787831783294678	z
125	0.19567328232415426	1.7451469898223877	z
130	0.21254903483901036	1.696199655532837	z
135	0.21291800986522702	1.8854765892028809	z
140	0.20330523944537227	1.671884536743164	z
145	0.20328581970715034	1.5900895595550537	z
150	0.20299452363382142	1.6456124782562256	z
155	0.2128403309123393	1.7197606563568115	z
160	0.2021012156756127	1.680790901184082	z
165	0.20204295646094692	1.729161262512207	z
170	0.2171515127976075	1.606199026107788	z
175	0.20996620965549384	1.6353442668914795	z
180	0.20239251174894163	1.614351511001587	z
185	0.2193847826931293	1.7372512817382812	z
190	0.21942362216957315	1.8632380962371826	z
195	0.22136559599176603	1.9807372093200684	z
5	0.12848098807628072	27.99000120162964	pI + z
10	0.14700741834000078	25.157490730285645	pI + z
15	0.1452013826853614	24.250380754470825	pI + z
20	0.18079776284615684	23.82958698272705	pI + z
25	0.18229308268924535	22.597875118255615	pI + z
30	0.18712859750650562	22.790592908859253	pI + z
35	0.18938128714024935	22.99781560897827	pI + z
40	0.19142035965355186	22.16712737083435	pI + z
45	0.19165339651221502	22.06548547744751	pI + z
50	0.19029401483668001	22.525617599487305	pI + z
55	0.1915757175593273	22.993982553482056	pI + z
60	0.19188643337087816	22.308541297912598	pI + z
65	0.19279916106730882	22.177250146865845	pI + z
70	0.19324581504641317	22.30417013168335	pI + z
75	0.19287684002019653	22.892905473709106	pI + z
80	0.19283800054375266	22.22066330909729	pI + z
85	0.19310987687885967	22.103899002075195	pI + z
90	0.20262554860760476	21.94888210296631	pI + z
95	0.20404318949780556	21.946500062942505	pI + z
100	0.20516953431467744	22.212448596954346	pI + z
105	0.21915174583446614	21.92959713935852	pI + z
110	0.21928768400201964	22.195188760757446	pI + z
115	0.2202004116984503	22.14633083343506	pI + z
120	0.2204722880335573	21.737948656082153	pI + z
125	0.22070532489222044	22.131623029708862	pI + z
130	0.2213267565153222	22.107173442840576	pI + z
135	0.2205305472482231	22.15826177597046	pI + z
140	0.22105488018021516	22.84474539756775	pI + z
145	0.22157921311220724	21.907243251800537	pI + z
150	0.22165689206509495	22.108493089675903	pI + z
155	0.22225890394997475	22.57949686050415	pI + z
160	0.21680195750961276	21.82475781440735	pI + z
165	0.21790888258826271	22.433725357055664	pI + z
170	0.2182972773527013	22.526246309280396	pI + z
175	0.21812249970870393	22.121195077896118	pI + z
180	0.21625820483939875	22.219729900360107	pI + z
185	0.2218705091855362	21.95567011833191	pI + z
190	0.2237736435312852	22.702537775039673	pI + z
195	0.22736629510234202	21.872472763061523	pI + z
5	0.12743232221229658	7.588863134384155	ms + z
10	0.14605585116712627	4.325493335723877	ms + z
15	0.1475705907484367	3.3930282592773438	ms + z
20	0.18835204101448713	2.9816040992736816	ms + z
25	0.18862391734959413	2.986521005630493	ms + z
30	0.18745873305627841	3.0825273990631104	ms + z
35	0.18973084242824406	2.5087053775787354	ms + z
40	0.19225540839709482	2.4469666481018066	ms + z
45	0.19291567949664037	2.4189319610595703	ms + z
50	0.19176991494154658	2.330136299133301	ms + z
55	0.20866508719462462	2.473264455795288	ms + z
60	0.20839321085951762	2.6265358924865723	ms + z
65	0.20779119897463783	2.2901968955993652	ms + z
70	0.2089952227443974	2.4774930477142334	ms + z
75	0.20928651881772634	2.588730812072754	ms + z
80	0.2098691109643842	2.533228635787964	ms + z
85	0.19291567949664037	2.166425943374634	ms + z
90	0.19340117295218862	2.6204419136047363	ms + z
95	0.19371188876373946	2.1235713958740234	ms + z
100	0.19371188876373946	2.472381591796875	ms + z
105	0.21111197421058764	2.2907352447509766	ms + z
110	0.2111508136870315	2.12790846824646	ms + z
115	0.217559327300268	2.501383066177368	ms + z
120	0.20091661164407504	2.1767070293426514	ms + z
125	0.20128558667029167	2.582592248916626	ms + z
130	0.2018293393405057	2.1522927284240723	ms + z
135	0.20190701829339341	2.3486623764038086	ms + z
140	0.20206237619916884	2.083439826965332	ms + z
145	0.20252844991649513	2.238663911819458	ms + z
150	0.2029168446809337	2.110022783279419	ms + z
155	0.2025090301782732	2.268496513366699	ms + z
160	0.20421796714180293	2.129490852355957	ms + z
165	0.20456752242979764	2.0405163764953613	ms + z
170	0.20396551054491785	2.044327735900879	ms + z
175	0.20377131316269856	2.067214250564575	ms + z
180	0.22089952227443974	2.174734592437744	ms + z
185	0.22095778148910553	2.3274779319763184	ms + z
190	0.22163747232687303	2.0756466388702393	ms + z
195	0.2218899289237581	2.320263147354126	ms + z
5	0.12770419854740359	8.531136989593506	ba + he + z
10	0.146949159125335	5.369137287139893	ba + he + z
15	0.14799782498931915	4.725473642349243	ba + he + z
20	0.18122499708703926	4.715096712112427	ba + he + z
25	0.18194352740125064	3.6246135234832764	ba + he + z
30	0.18658484483629162	3.6030900478363037	ba + he + z
35	0.18885695420825727	3.244351863861084	ba + he + z
40	0.19083776750689402	3.5278637409210205	ba + he + z
45	0.19118732279488873	2.870004653930664	ba + he + z
50	0.19118732279488873	2.8835957050323486	ba + he + z
55	0.19169223598865887	2.890509843826294	ba + he + z
60	0.19211947022954132	2.7674131393432617	ba + he + z
65	0.19192527284732203	2.7353274822235107	ba + he + z
70	0.19250786499397987	2.674867868423462	ba + he + z
75	0.19289625975841845	2.966542959213257	ba + he + z
80	0.19295451897308424	2.9977328777313232	ba + he + z
85	0.19503243096283063	2.6353001594543457	ba + he + z
90	0.19307103740241582	2.6099560260772705	ba + he + z
95	0.2118887637394648	2.6989214420318604	ba + he + z
100	0.21111197421058764	2.722184658050537	ba + he + z
105	0.21190818347768672	2.6845591068267822	ba + he + z
110	0.21138385054569464	2.6970150470733643	ba + he + z
115	0.19646949159125335	2.5354127883911133	ba + he + z
120	0.2135782809647726	2.7240631580352783	ba + he + z
125	0.19728512059657435	2.774415969848633	ba + he + z
130	0.2133064046296656	2.7968826293945312	ba + he + z
135	0.21416087311143045	2.523507595062256	ba + he + z
140	0.2228997553112984	2.637315273284912	ba + he + z
145	0.2202586709131161	2.7100636959075928	ba + he + z
150	0.2210742999184371	2.6554622650146484	ba + he + z
155	0.22070532489222044	2.448112726211548	ba + he + z
160	0.2236377053637317	2.5051910877227783	ba + he + z
165	0.2208606827979959	2.608435869216919	ba + he + z
170	0.22128791703887832	2.757751226425171	ba + he + z
175	0.22379306326950713	2.4798922538757324	ba + he + z
180	0.20357711578047927	2.6298327445983887	ba + he + z
185	0.21961781955179244	2.649258613586426	ba + he + z
190	0.22029751038955994	2.720329523086548	ba + he + z
195	0.2215403736357634	2.7924094200134277	ba + he + z
5	0.12780129723851322	8.55118989944458	ba + he + hy + z
10	0.14673554200489378	6.0473549365997314	ba + he + hy + z
15	0.1453955800675807	5.229242563247681	ba + he + hy + z
20	0.18773060939138542	4.5233190059661865	ba + he + hy + z
25	0.18833262127626518	4.293810844421387	ba + he + hy + z
30	0.18635180797762846	4.0774242877960205	ba + he + hy + z
35	0.18907057132869848	4.079583644866943	ba + he + hy + z
40	0.19066298986289665	3.5993456840515137	ba + he + hy + z
45	0.19095428593622557	3.986569404602051	ba + he + hy + z
50	0.19114848331844486	4.00990629196167	ba + he + hy + z
55	0.19101254515089136	3.568873405456543	ba + he + hy + z
60	0.19089602672155978	3.8086273670196533	ba + he + hy + z
65	0.19097370567444752	3.768686532974243	ba + he + hy + z
70	0.19200295180020974	3.8554821014404297	ba + he + hy + z
75	0.19231366761176058	3.1676383018493652	ba + he + hy + z
80	0.19198353206198782	3.189687967300415	ba + he + hy + z
85	0.19328465452285704	3.165447235107422	ba + he + hy + z
90	0.19522662834504992	3.116426467895508	ba + he + hy + z
95	0.19491591253349905	2.9655978679656982	ba + he + hy + z
100	0.19443041907795083	3.175611972808838	ba + he + hy + z
105	0.19481881384238942	3.0467875003814697	ba + he + hy + z
110	0.19549850468015692	3.3294594287872314	ba + he + hy + z
115	0.19602283761214898	3.33632230758667	ba + he + hy + z
120	0.19571212180059813	3.0113463401794434	ba + he + hy + z
125	0.21287917038878315	3.2247672080993652	ba + he + hy + z
130	0.21291800986522702	3.1649105548858643	ba + he + hy + z
135	0.21313162698566823	2.9148316383361816	ba + he + hy + z
140	0.2128985901270051	3.0553431510925293	ba + he + hy + z
145	0.22247252107041596	3.2111411094665527	ba + he + hy + z
150	0.21942362216957315	2.922571897506714	ba + he + hy + z
155	0.21959839981357052	2.9362473487854004	ba + he + hy + z
160	0.22245310133219404	3.2722928524017334	ba + he + hy + z
165	0.2050724356235678	2.8225975036621094	ba + he + hy + z
170	0.2219481881384239	2.872352361679077	ba + he + hy + z
175	0.22169573154153882	2.6557223796844482	ba + he + hy + z
180	0.20639297782265895	3.0892937183380127	ba + he + hy + z
185	0.20553850934089407	3.0395119190216064	ba + he + hy + z
190	0.20483939876490465	2.935013771057129	ba + he + hy + z
195	0.22375422379306326	3.1620066165924072	ba + he + hy + z
5	0.1278401367149571	7.15855598449707	ba + he + hy + ms
10	0.14370606284227289	4.466697454452515	ba + he + hy + ms
15	0.14545383928224648	3.9166369438171387	ba + he + hy + ms
20	0.1807783431079349	3.708991289138794	ba + he + hy + ms
25	0.18252611954790848	3.1762425899505615	ba + he + hy + ms
30	0.18522546316075658	2.7876765727996826	ba + he + hy + ms
35	0.15597933739853187	2.3214282989501953	ba + he + hy + ms
40	0.19138152017710802	2.3483145236968994	ba + he + hy + ms
45	0.18932302792558356	2.4039838314056396	ba + he + hy + ms
50	0.18811900415582397	2.3156416416168213	ba + he + hy + ms
55	0.18881811473181342	2.503641366958618	ba + he + hy + ms
60	0.18942012661669322	2.4936940670013428	ba + he + hy + ms
65	0.18943954635491514	2.1425561904907227	ba + he + hy + ms
70	0.18934244766380548	2.499098300933838	ba + he + hy + ms
75	0.18936186740202743	2.0710315704345703	ba + he + hy + ms
80	0.19097370567444752	2.102903127670288	ba + he + hy + ms
85	0.19052705169534315	2.240413188934326	ba + he + hy + ms
90	0.18980852138113177	2.07256817817688	ba + he + hy + ms
95	0.19109022410377907	2.1495656967163086	ba + he + hy + ms
100	0.19126500174777644	2.372331142425537	ba + he + hy + ms
105	0.19231366761176058	2.161221742630005	ba + he + hy + ms
110	0.19297393871130616	2.085071086883545	ba + he + hy + ms
115	0.19318755583174738	2.1084182262420654	ba + he + hy + ms
120	0.19423622169573154	1.9745640754699707	ba + he + hy + ms
125	0.21278207169767352	2.156733274459839	ba + he + hy + ms
130	0.2135782809647726	1.944127082824707	ba + he + hy + ms
135	0.21260729405367615	2.056342363357544	ba + he + hy + ms
140	0.21305394803278052	1.9623255729675293	ba + he + hy + ms
145	0.2139860954674331	2.0818212032318115	ba + he + hy + ms
150	0.21544257583407775	1.880934476852417	ba + he + hy + ms
155	0.2164135627451742	1.9749224185943604	ba + he + hy + ms
160	0.21680195750961276	1.8630297183990479	ba + he + hy + ms
165	0.21767584572959955	2.0537426471710205	ba + he + hy + ms
170	0.21765642599137763	2.0741422176361084	ba + he + hy + ms
175	0.21711267332116363	1.8955016136169434	ba + he + hy + ms
180	0.2162776245776207	1.867725133895874	ba + he + hy + ms
185	0.2170932535829417	1.9356555938720703	ba + he + hy + ms
190	0.21631646405406454	1.8356873989105225	ba + he + hy + ms
195	0.21726803122693905	1.8445792198181152	ba + he + hy + ms
5	0.12776245776206938	7.222626209259033	ba + he + ms + z
10	0.14718219598399815	4.975602626800537	ba + he + ms + z
15	0.1451431234706956	4.5916907787323	ba + he + ms + z
20	0.18860449761137218	4.058938503265381	ba + he + ms + z
25	0.18907057132869848	3.852674722671509	ba + he + ms + z
30	0.18695381986250825	3.842644453048706	ba + he + ms + z
35	0.18887637394647921	3.064486265182495	ba + he + ms + z
40	0.1915757175593273	3.36411190032959	ba + he + ms + z
45	0.19173107546510273	3.4531848430633545	ba + he + ms + z
50	0.19167281625043694	2.971449851989746	ba + he + ms + z
55	0.19076008855400628	2.910098075866699	ba + he + ms + z
60	0.19213888996776324	3.247042655944824	ba + he + ms + z
65	0.19151745834466152	2.8450393676757812	ba + he + ms + z
70	0.19198353206198782	2.873119592666626	ba + he + ms + z
75	0.19276032159086495	3.1565968990325928	ba + he + ms + z
80	0.19287684002019653	2.925619602203369	ba + he + ms + z
85	0.19188643337087816	2.7901690006256104	ba + he + ms + z
90	0.20975259253505263	2.769127607345581	ba + he + ms + z
95	0.21012156756126926	2.7565155029296875	ba + he + ms + z
100	0.2097331727968307	2.7532873153686523	ba + he + ms + z
105	0.21050996232570784	2.720698356628418	ba + he + ms + z
110	0.2110731347341438	2.8197433948516846	ba + he + ms + z
115	0.21173340583368935	2.9222984313964844	ba + he + ms + z
120	0.21818075892336972	2.9832329750061035	ba + he + ms + z
125	0.21948188138423894	2.696845293045044	ba + he + ms + z
130	0.2204528682953354	2.8640077114105225	ba + he + ms + z
135	0.22177341049442653	2.8677115440368652	ba + he + ms + z
140	0.21322872567677786	2.693366289138794	ba + he + ms + z
145	0.21369479939410416	2.642251491546631	ba + he + ms + z
150	0.22381248300772905	2.6609137058258057	ba + he + ms + z
155	0.21548141531052162	2.7892634868621826	ba + he + ms + z
160	0.22169573154153882	2.8575615882873535	ba + he + ms + z
165	0.22231716316464054	2.965581178665161	ba + he + ms + z
170	0.22239484211752825	2.642521619796753	ba + he + ms + z
175	0.22258903949974754	2.633185863494873	ba + he + ms + z
180	0.2251136054685983	2.690502643585205	ba + he + ms + z
185	0.2234435079815124	2.762383460998535	ba + he + ms + z
190	0.2155979337398532	2.919051170349121	ba + he + ms + z
195	0.22223948421175282	2.646876811981201	ba + he + ms + z
5	0.12902474074649473	26.52098059654236	ba + he + ms + pI + z
10	0.146949159125335	24.69823455810547	ba + he + ms + pI + z
15	0.14792014603643142	22.84022808074951	ba + he + ms + pI + z
20	0.18153571289859013	22.978238821029663	ba + he + ms + pI + z
25	0.18291451431234707	22.927457094192505	ba + he + ms + pI + z
30	0.18681788169495475	22.25075387954712	ba + he + ms + pI + z
35	0.18883753447003535	23.056885242462158	ba + he + ms + pI + z
40	0.19151745834466152	22.982481002807617	ba + he + ms + pI + z
45	0.19188643337087816	22.48605966567993	ba + he + ms + pI + z
50	0.19206121101487553	22.56367778778076	ba + he + ms + pI + z
55	0.19027459509845807	22.34300422668457	ba + he + ms + pI + z
60	0.19142035965355186	22.411354303359985	ba + he + ms + pI + z
65	0.19318755583174738	22.01018786430359	ba + he + ms + pI + z
70	0.19363420981085175	22.41699767112732	ba + he + ms + pI + z
75	0.19380898745484912	22.40648913383484	ba + he + ms + pI + z
80	0.19388666640773683	22.095093488693237	ba + he + ms + pI + z
85	0.19312929661708161	21.769596338272095	ba + he + ms + pI + z
90	0.20198469724628113	22.156009435653687	ba + he + ms + pI + z
95	0.20229541305783197	21.53454041481018	ba + he + ms + pI + z
100	0.20336349866003806	21.94321060180664	ba + he + ms + pI + z
105	0.2185108944731425	22.16302514076233	ba + he + ms + pI + z
110	0.21907406688157843	22.003552198410034	ba + he + ms + pI + z
115	0.2194430419077951	22.074041604995728	ba + he + ms + pI + z
120	0.2188992892375811	21.725619792938232	ba + he + ms + pI + z
125	0.21893812871402493	21.59141755104065	ba + he + ms + pI + z
130	0.21814191944692585	21.730643272399902	ba + he + ms + pI + z
135	0.21835553656736706	21.528896808624268	ba + he + ms + pI + z
140	0.21936536295490736	21.65325093269348	ba + he + ms + pI + z
145	0.2208606827979959	21.774826765060425	ba + he + ms + pI + z
150	0.22070532489222044	21.69400668144226	ba + he + ms + pI + z
155	0.2223560026410844	21.705482959747314	ba + he + ms + pI + z
160	0.2162776245776207	21.675797700881958	ba + he + ms + pI + z
165	0.21779236415893113	21.89479660987854	ba + he + ms + pI + z
170	0.21907406688157843	21.771068572998047	ba + he + ms + pI + z
175	0.21895754845224685	21.951800107955933	ba + he + ms + pI + z
180	0.21963723929001436	21.5168776512146	ba + he + ms + pI + z
185	0.21981201693401173	21.738521575927734	ba + he + ms + pI + z
190	0.2204528682953354	21.713315963745117	ba + he + ms + pI + z
195	0.22602633316502893	21.801297903060913	ba + he + ms + pI + z
205	0.2168213772478347	1.4246323108673096	ba + he + hy
210	0.21717093253582942	1.3922348022460938	ba + he + hy
215	0.2399697052083738	1.3779969215393066	ba + he + hy
220	0.24134850662213073	1.4046146869659424	ba + he + hy
225	0.2495630558900066	1.5165235996246338	ba + he + hy
230	0.2416592224336816	1.5334649085998535	ba + he + hy
235	0.24130966714568688	1.3883342742919922	ba + he + hy
240	0.24130966714568688	1.3748037815093994	ba + he + hy
245	0.2417174816483474	1.3739018440246582	ba + he + hy
250	0.24987377170155747	1.3769176006317139	ba + he + hy
255	0.2410572105488018	1.375859260559082	ba + he + hy
260	0.21592806928962596	1.3688442707061768	ba + he + hy
265	0.20212063541383463	1.378695011138916	ba + he + hy
270	0.22569619761525614	1.3846352100372314	ba + he + hy
275	0.2278323688196683	1.3787212371826172	ba + he + hy
280	0.24088243290480443	1.419966697692871	ba + he + hy
285	0.20441216452402222	1.3683435916900635	ba + he + hy
290	0.20816017400085446	1.3670122623443604	ba + he + hy
295	0.20299452363382142	1.3541085720062256	ba + he + hy
300	0.22523012389792985	1.5561349391937256	ba + he + hy
305	0.24035809997281238	1.3651649951934814	ba + he + hy
310	0.2032469802307065	1.371455192565918	ba + he + hy
315	0.24445566473763933	1.3612561225891113	ba + he + hy
320	0.21689905620072242	1.383720874786377	ba + he + hy
325	0.2330174389249233	1.365415096282959	ba + he + hy
330	0.22610401211791664	1.550133228302002	ba + he + hy
335	0.23643531285198274	1.346019983291626	ba + he + hy
340	0.2241620382957238	1.3572335243225098	ba + he + hy
345	0.2204528682953354	1.3789498805999756	ba + he + hy
350	0.21575329164562862	1.3633348941802979	ba + he + hy
355	0.2423389132714491	1.352532148361206	ba + he + hy
360	0.24039693944925622	1.3434431552886963	ba + he + hy
365	0.23892103934438963	1.4390497207641602	ba + he + hy
370	0.2452324542665165	1.6085748672485352	ba + he + hy
375	0.24216413562745173	1.3560457229614258	ba + he + hy
380	0.22738571484056394	1.3723413944244385	ba + he + hy
385	0.22695848059968152	1.3515760898590088	ba + he + hy
390	0.22959956499786383	1.3586361408233643	ba + he + hy
395	0.2536606206548336	1.3548083305358887	ba + he + hy
400	0.23583330096710298	1.3521819114685059	ba + he + hy
405	0.2468637122771585	1.3624672889709473	ba + he + hy
410	0.25230123897929857	1.5614948272705078	ba + he + hy
415	0.24501883714607528	1.3533239364624023	ba + he + hy
420	0.24501883714607528	1.3685381412506104	ba + he + hy
425	0.22948304656853225	1.349139928817749	ba + he + hy
430	0.22730803588767623	1.341648817062378	ba + he + hy
435	0.23682370761642133	1.3420612812042236	ba + he + hy
440	0.2429991843709947	1.3462867736816406	ba + he + hy
445	0.2429991843709947	1.3477625846862793	ba + he + hy
450	0.2193071037402416	1.355332851409912	ba + he + hy
455	0.2276187516992271	1.3498384952545166	ba + he + hy
460	0.2276187516992271	1.3445258140563965	ba + he + hy
465	0.24000854468481764	1.3357796669006348	ba + he + hy
470	0.23253194546937508	1.3373312950134277	ba + he + hy
475	0.23253194546937508	1.34623384475708	ba + he + hy
480	0.2322212296578242	1.354400396347046	ba + he + hy
485	0.2607682448440595	1.3505163192749023	ba + he + hy
490	0.2607682448440595	1.419506549835205	ba + he + hy
495	0.23725094185730378	1.4161772727966309	ba + he + hy
500	0.23725094185730378	1.48819899559021	ba + he + hy
505	0.2602439119120674	1.4752914905548096	ba + he + hy
510	0.2602439119120674	1.370737075805664	ba + he + hy
515	0.25006796908377676	1.3473448753356934	ba + he + hy
520	0.2408435934283606	1.331660509109497	ba + he + hy
525	0.2408435934283606	1.3356170654296875	ba + he + hy
530	0.23447391929156794	1.3406732082366943	ba + he + hy
535	0.23447391929156794	1.372361421585083	ba + he + hy
540	0.2449605779314095	1.6034214496612549	ba + he + hy
545	0.2449605779314095	1.3497021198272705	ba + he + hy
550	0.26094302248805684	1.3501360416412354	ba + he + hy
555	0.26094302248805684	1.345118522644043	ba + he + hy
560	0.26094302248805684	1.3373055458068848	ba + he + hy
565	0.26566201887598556	1.3583276271820068	ba + he + hy
570	0.26566201887598556	1.4119765758514404	ba + he + hy
575	0.253272225890395	1.3846142292022705	ba + he + hy
580	0.253272225890395	1.341982126235962	ba + he + hy
585	0.2599720355769604	1.3249166011810303	ba + he + hy
590	0.2599720355769604	1.4172728061676025	ba + he + hy
595	0.2599720355769604	1.4168915748596191	ba + he + hy
600	0.26653590709597236	1.580012321472168	ba + he + hy
605	0.26653590709597236	1.344832181930542	ba + he + hy
610	0.24633937934516642	1.363823413848877	ba + he + hy
615	0.24633937934516642	1.3584601879119873	ba + he + hy
620	0.24633937934516642	1.4296352863311768	ba + he + hy
625	0.2423389132714491	1.415849208831787	ba + he + hy
630	0.2423389132714491	1.4154095649719238	ba + he + hy
635	0.2423389132714491	1.3412413597106934	ba + he + hy
640	0.262535441022255	1.3389809131622314	ba + he + hy
645	0.262535441022255	1.331188440322876	ba + he + hy
650	0.26249660154581117	1.333984375	ba + he + hy
655	0.26249660154581117	1.3225271701812744	ba + he + hy
660	0.26249660154581117	1.335566759109497	ba + he + hy
665	0.27234240882432903	1.3319971561431885	ba + he + hy
670	0.27234240882432903	1.4649369716644287	ba + he + hy
675	0.27234240882432903	1.3472342491149902	ba + he + hy
680	0.27234240882432903	1.3274126052856445	ba + he + hy
685	0.2721287917038878	1.3354315757751465	ba + he + hy
690	0.2721287917038878	1.3356001377105713	ba + he + hy
695	0.2721287917038878	1.363473892211914	ba + he + hy
700	0.27282790227987724	1.556760311126709	ba + he + hy
705	0.27282790227987724	1.3389155864715576	ba + he + hy
710	0.27282790227987724	1.3588249683380127	ba + he + hy
715	0.25313628772284147	1.4160683155059814	ba + he + hy
720	0.25313628772284147	1.4219436645507812	ba + he + hy
725	0.25313628772284147	1.4648551940917969	ba + he + hy
730	0.25313628772284147	1.4669971466064453	ba + he + hy
735	0.2624383423311454	1.338036298751831	ba + he + hy
740	0.2624383423311454	1.353644847869873	ba + he + hy
745	0.2624383423311454	1.346198320388794	ba + he + hy
750	0.2624383423311454	1.3387410640716553	ba + he + hy
755	0.24397017128209111	1.3421084880828857	ba + he + hy
760	0.24397017128209111	1.3411955833435059	ba + he + hy
765	0.24397017128209111	1.412130355834961	ba + he + hy
770	0.24397017128209111	1.4111101627349854	ba + he + hy
775	0.27599331961005164	1.3354411125183105	ba + he + hy
780	0.27599331961005164	1.3249311447143555	ba + he + hy
785	0.27599331961005164	1.329472541809082	ba + he + hy
790	0.27599331961005164	1.3497240543365479	ba + he + hy
795	0.2615644541111586	1.3808255195617676	ba + he + hy
800	0.2615644541111586	1.3943235874176025	ba + he + hy
805	0.2615644541111586	1.3894431591033936	ba + he + hy
810	0.2615644541111586	1.5867335796356201	ba + he + hy
815	0.2615644541111586	1.3257865905761719	ba + he + hy
820	0.27612925777760516	1.3250911235809326	ba + he + hy
825	0.27612925777760516	1.3666408061981201	ba + he + hy
830	0.27612925777760516	1.4218964576721191	ba + he + hy
835	0.27612925777760516	1.4283437728881836	ba + he + hy
840	0.27612925777760516	1.4591269493103027	ba + he + hy
845	0.2478735386646988	1.45782470703125	ba + he + hy
850	0.2478735386646988	1.468080997467041	ba + he + hy
855	0.2478735386646988	1.3408081531524658	ba + he + hy
860	0.2478735386646988	1.3279354572296143	ba + he + hy
865	0.2478735386646988	1.4392080307006836	ba + he + hy
870	0.26795354798617316	1.3937225341796875	ba + he + hy
875	0.26795354798617316	1.3320140838623047	ba + he + hy
880	0.26795354798617316	1.327408790588379	ba + he + hy
885	0.26795354798617316	1.3973057270050049	ba + he + hy
890	0.26795354798617316	1.409832239151001	ba + he + hy
895	0.27855672505534623	1.3993780612945557	ba + he + hy
900	0.27855672505534623	1.5525407791137695	ba + he + hy
905	0.27855672505534623	1.333723545074463	ba + he + hy
910	0.27855672505534623	1.3207108974456787	ba + he + hy
915	0.27855672505534623	1.364389419555664	ba + he + hy
920	0.27855672505534623	1.4251651763916016	ba + he + hy
925	0.26686604264574515	1.4165196418762207	ba + he + hy
930	0.26686604264574515	1.4317491054534912	ba + he + hy
935	0.26686604264574515	1.4196515083312988	ba + he + hy
940	0.26686604264574515	1.4568374156951904	ba + he + hy
945	0.26686604264574515	1.3467352390289307	ba + he + hy
950	0.26686604264574515	1.3302817344665527	ba + he + hy
955	0.26944886782926164	1.3265368938446045	ba + he + hy
960	0.26944886782926164	1.3384435176849365	ba + he + hy
965	0.26944886782926164	1.3417072296142578	ba + he + hy
970	0.26944886782926164	1.3462464809417725	ba + he + hy
975	0.26944886782926164	1.3403642177581787	ba + he + hy
980	0.26944886782926164	1.3391315937042236	ba + he + hy
985	0.26944886782926164	1.3534080982208252	ba + he + hy
990	0.26366178583912686	1.3441407680511475	ba + he + hy
995	0.26366178583912686	1.3900375366210938	ba + he + hy
1000	0.26366178583912686	1.3877086639404297	ba + he + hy
205	0.22177341049442653	1.4405186176300049	z
210	0.20619878044043966	1.4401023387908936	z
215	0.22185108944731424	1.4339931011199951	z
220	0.2208606827979959	1.431976079940796	z
225	0.2207247446304424	1.4385461807250977	z
230	0.22068590515399852	1.429992914199829	z
235	0.2196566590282363	1.4354829788208008	z
240	0.2154619955722997	1.48045015335083	z
245	0.21590864955140404	1.491637945175171	z
250	0.2160640074571795	1.423872709274292	z
255	0.2148599836874199	1.4286706447601318	z
260	0.2187827708082495	1.426469326019287	z
265	0.20948071619994563	1.4409739971160889	z
270	0.2197925971957898	1.4310734272003174	z
275	0.22577387656814385	1.4403505325317383	z
280	0.22441449489260884	1.4325120449066162	z
285	0.22812366489299724	1.4340934753417969	z
290	0.2310560453645085	1.423384189605713	z
295	0.21095661630481222	1.4194064140319824	z
300	0.21097603604303414	1.4383413791656494	z
305	0.21052938206392977	1.4409055709838867	z
310	0.21072357944614906	1.4325628280639648	z
315	0.237736435312852	1.4252898693084717	z
320	0.2367266089253117	1.419600486755371	z
325	0.22658950557346488	1.421757698059082	z
330	0.23919291567949663	1.4225902557373047	z
335	0.2102769254670447	1.4501118659973145	z
340	0.2086456674564027	1.4265787601470947	z
345	0.21707383384471976	1.4275214672088623	z
350	0.2106070610168175	1.4082915782928467	z
355	0.2409795315959141	1.4088873863220215	z
360	0.24181458033945702	1.423224925994873	z
365	0.22340466850506854	1.5693719387054443	z
370	0.21192760321590864	1.4180958271026611	z
375	0.22528838311259564	1.414269208908081	z
380	0.22554083970948072	1.4092929363250732	z
385	0.22792946751077794	1.4236187934875488	z
390	0.22530780285081758	1.4206831455230713	z
395	0.22635646871480172	1.4114806652069092	z
400	0.22503592651571055	1.4280517101287842	z
405	0.2526702140055152	1.4535534381866455	z
410	0.21287917038878315	1.4424033164978027	z
415	0.24777643997358917	1.48948335647583	z
420	0.24777643997358917	1.3952908515930176	z
425	0.22513302520682021	1.400435209274292	z
430	0.22367654484017555	1.3974502086639404	z
435	0.2274245543170078	1.4088010787963867	z
440	0.24546549112517962	1.4257283210754395	z
445	0.24546549112517962	1.4797744750976562	z
450	0.22676428321746223	1.411336898803711	z
455	0.22657008583524293	1.3949298858642578	z
460	0.22657008583524293	1.468940258026123	z
465	0.22577387656814385	1.477985143661499	z
470	0.2245698527983843	1.5882835388183594	z
475	0.2245698527983843	1.3805031776428223	z
480	0.21076241892259293	1.3761487007141113	z
485	0.240183322328815	1.3853955268859863	z
490	0.240183322328815	1.394214153289795	z
495	0.22515244494504214	1.3926067352294922	z
500	0.22515244494504214	1.4015767574310303	z
505	0.22433681593972113	1.3908042907714844	z
510	0.22433681593972113	1.3883533477783203	z
515	0.2292500097098691	1.4981300830841064	z
520	0.2362022759933196	1.390000581741333	z
525	0.2362022759933196	1.4241609573364258	z
530	0.2298520215947489	1.4597458839416504	z
535	0.2298520215947489	1.4569051265716553	z
540	0.22812366489299724	1.3763933181762695	z
545	0.22812366489299724	1.3886008262634277	z
550	0.2548452246863712	1.3912725448608398	z
555	0.2548452246863712	1.3874626159667969	z
560	0.2548452246863712	1.392719030380249	z
565	0.25601040897968697	1.4019479751586914	z
570	0.25601040897968697	1.4182672500610352	z
575	0.2276187516992271	1.5773303508758545	z
580	0.2276187516992271	1.3959379196166992	z
585	0.2545733483512642	1.3813269138336182	z
590	0.2545733483512642	1.4033381938934326	z
595	0.2545733483512642	1.3996281623840332	z
600	0.25265079426729325	1.380009412765503	z
605	0.25265079426729325	1.377176284790039	z
610	0.21313162698566823	1.3888909816741943	z
615	0.21313162698566823	1.3893194198608398	z
620	0.21313162698566823	1.3917131423950195	z
625	0.2215403736357634	1.399580955505371	z
630	0.2215403736357634	1.4487767219543457	z
635	0.2215403736357634	1.3886299133300781	z
640	0.25744746960810966	1.3861916065216064	z
645	0.25744746960810966	1.4233598709106445	z
650	0.24268846855944382	1.458512544631958	z
655	0.24268846855944382	1.4504916667938232	z
660	0.24268846855944382	1.5181221961975098	z
665	0.21555909426340933	1.3813951015472412	z
670	0.21555909426340933	1.3719251155853271	z
675	0.21555909426340933	1.3891606330871582	z
680	0.21555909426340933	1.4553947448730469	z
685	0.23264846389870664	1.4493663311004639	z
690	0.23264846389870664	1.6124639511108398	z
695	0.23264846389870664	1.3729491233825684	z
700	0.24311570280032624	1.3759636878967285	z
705	0.24311570280032624	1.4116935729980469	z
710	0.24311570280032624	1.4695279598236084	z
715	0.25628228531479397	1.4686732292175293	z
720	0.25628228531479397	1.3626046180725098	z
725	0.25628228531479397	1.3706021308898926	z
730	0.25628228531479397	1.3735377788543701	z
735	0.25958364081252183	1.3860700130462646	z
740	0.25958364081252183	1.3913636207580566	z
745	0.25958364081252183	1.4020380973815918	z
750	0.25958364081252183	1.4118728637695312	z
755	0.23266788363692859	1.4247698783874512	z
760	0.23266788363692859	1.4248178005218506	z
765	0.23266788363692859	1.6246192455291748	z
770	0.23266788363692859	1.3756675720214844	z
775	0.2351147706528916	1.4192299842834473	z
780	0.2351147706528916	1.4640512466430664	z
785	0.2351147706528916	1.4364049434661865	z
790	0.2351147706528916	1.482539415359497	z
795	0.24344583835009903	1.3666484355926514	z
800	0.24344583835009903	1.3793725967407227	z
805	0.24344583835009903	1.384131908416748	z
810	0.24344583835009903	1.4617571830749512	z
815	0.24344583835009903	1.4671411514282227	z
820	0.23055113217073833	1.4533793926239014	z
825	0.23055113217073833	1.3730828762054443	z
830	0.23055113217073833	1.3677921295166016	z
835	0.23055113217073833	1.4053850173950195	z
840	0.23055113217073833	1.463331699371338	z
845	0.2403192604963685	1.460266351699829	z
850	0.2403192604963685	1.3995938301086426	z
855	0.2403192604963685	1.390608310699463	z
860	0.2403192604963685	1.4147872924804688	z
865	0.2403192604963685	1.4235947132110596	z
870	0.22321047112284925	1.3794074058532715	z
875	0.22321047112284925	1.375504970550537	z
880	0.22321047112284925	1.48368501663208	z
885	0.22321047112284925	1.4262995719909668	z
890	0.22321047112284925	1.3596510887145996	z
895	0.24255253039189031	1.3667738437652588	z
900	0.24255253039189031	1.3820345401763916	z
905	0.24255253039189031	1.3940372467041016	z
910	0.24255253039189031	1.3741052150726318	z
915	0.24255253039189031	1.377457618713379	z
920	0.24255253039189031	1.3728220462799072	z
925	0.24628112013050063	1.3745462894439697	z
930	0.24628112013050063	1.374866247177124	z
935	0.24628112013050063	1.3823161125183105	z
940	0.24628112013050063	1.3880586624145508	z
945	0.24628112013050063	1.3772096633911133	z
950	0.24628112013050063	1.3706908226013184	z
955	0.253000349555288	1.4457085132598877	z
960	0.253000349555288	1.4554681777954102	z
965	0.253000349555288	1.4987201690673828	z
970	0.253000349555288	1.497962474822998	z
975	0.253000349555288	1.3642876148223877	z
980	0.253000349555288	1.3599555492401123	z
985	0.253000349555288	1.3653950691223145	z
990	0.21967607876645823	1.3661952018737793	z
995	0.21967607876645823	1.3753855228424072	z
1000	0.21967607876645823	1.380204439163208	z
205	0.2258515555210316	20.451762199401855	pI + z
210	0.22825960306055074	19.931828498840332	pI + z
215	0.2280848254165534	19.86213183403015	pI + z
220	0.25214588107352315	19.94506812095642	pI + z
225	0.25204878238241346	19.71627902984619	pI + z
230	0.25068940070687845	19.609124660491943	pI + z
235	0.2522429797646328	19.611786603927612	pI + z
240	0.24870858740824173	19.887712478637695	pI + z
245	0.24830077290558122	19.672304391860962	pI + z
250	0.2486114887171321	19.66385507583618	pI + z
255	0.2495047966753408	19.781825304031372	pI + z
260	0.20847088981240533	19.559600591659546	pI + z
265	0.20396551054491785	19.60362458229065	pI + z
270	0.2305899716471822	19.63076901435852	pI + z
275	0.2213461762535441	19.820752382278442	pI + z
280	0.22719151745834465	19.686083793640137	pI + z
285	0.23171631646405405	19.571802139282227	pI + z
290	0.2257156173534781	19.562855005264282	pI + z
295	0.21987027614867752	19.657585620880127	pI + z
300	0.22507476599215442	19.58332395553589	pI + z
305	0.2236377053637317	19.57870888710022	pI + z
310	0.19990678525653474	19.60944676399231	pI + z
315	0.2556608536916922	19.69292402267456	pI + z
320	0.25364120091661163	19.693220853805542	pI + z
325	0.22408435934283605	19.73674464225769	pI + z
330	0.25606866819435276	19.59237313270569	pI + z
335	0.22732745562589815	19.597483158111572	pI + z
340	0.22097720122732745	19.693182706832886	pI + z
345	0.22989086107119275	19.610541343688965	pI + z
350	0.23319221656892064	19.58903956413269	pI + z
355	0.2534275837961704	19.550005435943604	pI + z
360	0.2533887443197266	19.570451021194458	pI + z
365	0.20940303724705792	19.675971269607544	pI + z
370	0.21359770070299453	19.632322788238525	pI + z
375	0.2388821998679458	19.61541247367859	pI + z
380	0.2291140715423156	19.589478254318237	pI + z
385	0.230376354526741	19.677118062973022	pI + z
390	0.2341049442653513	19.66667079925537	pI + z
395	0.23445449955334602	19.585228204727173	pI + z
400	0.2242397172486115	19.595178365707397	pI + z
405	0.2529420903406222	19.56396508216858	pI + z
410	0.2562240261001282	19.52077341079712	pI + z
415	0.2547481259952616	19.57669973373413	pI + z
420	0.2547481259952616	19.62681531906128	pI + z
425	0.22672544374101838	19.724907159805298	pI + z
430	0.232823241542704	19.545957565307617	pI + z
435	0.25971957898007536	19.525157928466797	pI + z
440	0.2581271604458772	19.6071674823761	pI + z
445	0.2581271604458772	19.629119396209717	pI + z
450	0.23404668505068552	19.619858026504517	pI + z
455	0.2284343807045481	19.601563930511475	pI + z
460	0.2284343807045481	19.58231472969055	pI + z
465	0.25536955761836333	19.75752353668213	pI + z
470	0.23128908222317163	19.567018508911133	pI + z
475	0.23128908222317163	19.73603105545044	pI + z
480	0.24066881578436322	20.02295231819153	pI + z
485	0.262263564687148	20.283271074295044	pI + z
490	0.262263564687148	20.325594425201416	pI + z
495	0.25519477997436596	20.333551168441772	pI + z
500	0.25519477997436596	20.26873779296875	pI + z
505	0.2321435507049365	20.23023819923401	pI + z
510	0.2321435507049365	20.084396839141846	pI + z
515	0.2349205732706723	20.162113666534424	pI + z
520	0.25890394997475435	20.01366114616394	pI + z
525	0.25890394997475435	19.605000257492065	pI + z
530	0.26045752903250863	19.599836826324463	pI + z
535	0.26045752903250863	19.59999108314514	pI + z
540	0.22806540567833145	19.5003604888916	pI + z
545	0.22806540567833145	19.98400592803955	pI + z
550	0.267176758457296	19.488375425338745	pI + z
555	0.267176758457296	20.026688814163208	pI + z
560	0.267176758457296	19.956475496292114	pI + z
565	0.25645706295879134	19.97638964653015	pI + z
570	0.25645706295879134	19.71178960800171	pI + z
575	0.23016273740629975	20.265364170074463	pI + z
580	0.23016273740629975	20.00902557373047	pI + z
585	0.2594865421214122	19.684229850769043	pI + z
590	0.2594865421214122	19.695103406906128	pI + z
595	0.2594865421214122	19.836700201034546	pI + z
600	0.25702023536722723	19.996896982192993	pI + z
605	0.25702023536722723	19.918708324432373	pI + z
610	0.21534547714296812	19.99230122566223	pI + z
615	0.21534547714296812	20.102189779281616	pI + z
620	0.21534547714296812	19.924741983413696	pI + z
625	0.2353866469879986	19.563316345214844	pI + z
630	0.2353866469879986	20.066688776016235	pI + z
635	0.2353866469879986	20.24349570274353	pI + z
640	0.24734920573270672	20.110026597976685	pI + z
645	0.24734920573270672	20.09707522392273	pI + z
650	0.256262865576572	20.050345420837402	pI + z
655	0.256262865576572	19.820152521133423	pI + z
660	0.256262865576572	20.137004613876343	pI + z
665	0.26342874898046376	19.91902804374695	pI + z
670	0.26342874898046376	20.066537141799927	pI + z
675	0.26342874898046376	19.765341997146606	pI + z
680	0.26342874898046376	19.905413150787354	pI + z
685	0.2613314172524954	20.187836408615112	pI + z
690	0.2613314172524954	19.97869896888733	pI + z
695	0.2613314172524954	20.179621696472168	pI + z
700	0.265817376781761	19.79990816116333	pI + z
705	0.265817376781761	19.930731058120728	pI + z
710	0.265817376781761	20.035165309906006	pI + z
715	0.2656425991377636	20.07339310646057	pI + z
720	0.2656425991377636	19.997422456741333	pI + z
725	0.2656425991377636	19.755687713623047	pI + z
730	0.2656425991377636	19.844322204589844	pI + z
735	0.25826309861343066	19.84000277519226	pI + z
740	0.25826309861343066	19.84001922607422	pI + z
745	0.25826309861343066	19.96933937072754	pI + z
750	0.25826309861343066	20.058085918426514	pI + z
755	0.25078649939798814	19.882535934448242	pI + z
760	0.25078649939798814	20.083594799041748	pI + z
765	0.25078649939798814	19.900322437286377	pI + z
770	0.25078649939798814	19.913094520568848	pI + z
775	0.26327339107468833	19.80869221687317	pI + z
780	0.26327339107468833	20.20898413658142	pI + z
785	0.26327339107468833	19.934006690979004	pI + z
790	0.26327339107468833	20.088814973831177	pI + z
795	0.2617780712315998	20.07801103591919	pI + z
800	0.2617780712315998	19.773239135742188	pI + z
805	0.2617780712315998	19.988926649093628	pI + z
810	0.2617780712315998	20.01834487915039	pI + z
815	0.2617780712315998	20.147075653076172	pI + z
820	0.23183283489338563	20.201326370239258	pI + z
825	0.23183283489338563	20.134063243865967	pI + z
830	0.23183283489338563	20.05095911026001	pI + z
835	0.23183283489338563	19.937414407730103	pI + z
840	0.23183283489338563	19.88175392150879	pI + z
845	0.25581621159746765	19.926019430160522	pI + z
850	0.25581621159746765	19.958184480667114	pI + z
855	0.25581621159746765	19.981120586395264	pI + z
860	0.25581621159746765	19.95734477043152	pI + z
865	0.25581621159746765	20.072430849075317	pI + z
870	0.25298092981706605	19.922119617462158	pI + z
875	0.25298092981706605	19.81972360610962	pI + z
880	0.25298092981706605	20.115888118743896	pI + z
885	0.25298092981706605	20.13084602355957	pI + z
890	0.25298092981706605	20.076107263565063	pI + z
895	0.2634093292422418	20.364539623260498	pI + z
900	0.2634093292422418	20.27151608467102	pI + z
905	0.2634093292422418	19.699756622314453	pI + z
910	0.2634093292422418	19.767550468444824	pI + z
915	0.2634093292422418	20.067227602005005	pI + z
920	0.2634093292422418	20.045347929000854	pI + z
925	0.2516992270944188	19.929643630981445	pI + z
930	0.2516992270944188	19.854509592056274	pI + z
935	0.2516992270944188	19.96860408782959	pI + z
940	0.2516992270944188	20.093905210494995	pI + z
945	0.2516992270944188	19.78880023956299	pI + z
950	0.2516992270944188	19.99446392059326	pI + z
955	0.2744591602905193	19.66942262649536	pI + z
960	0.2744591602905193	19.894933223724365	pI + z
965	0.2744591602905193	20.004372596740723	pI + z
970	0.2744591602905193	20.058266162872314	pI + z
975	0.2744591602905193	20.0297110080719	pI + z
980	0.2744591602905193	19.95594573020935	pI + z
985	0.2744591602905193	19.85262131690979	pI + z
990	0.2672932768866276	19.832711935043335	pI + z
995	0.2672932768866276	20.154133081436157	pI + z
1000	0.2672932768866276	20.09853720664978	pI + z
205	0.2226278789761914	1.8090298175811768	ms + z
210	0.2233658290286247	1.8036530017852783	ms + z
215	0.21913232609624422	1.810119390487671	ms + z
220	0.21794772206470656	1.7949700355529785	ms + z
225	0.217559327300268	1.8145771026611328	ms + z
230	0.2176175865149338	1.780883550643921	ms + z
235	0.21781178389715306	1.78489351272583	ms + z
240	0.21550083504874354	1.8732407093048096	ms + z
245	0.21495708237852953	1.7819092273712158	ms + z
250	0.21656892065094963	1.8443453311920166	ms + z
255	0.21590864955140404	1.7900898456573486	ms + z
260	0.2209383617508836	1.7811169624328613	ms + z
265	0.20860682797995883	1.945434331893921	ms + z
270	0.22488056860993513	2.045532464981079	ms + z
275	0.22528838311259564	1.7745447158813477	ms + z
280	0.22765759117567094	1.8279552459716797	ms + z
285	0.22091894201266166	1.8808162212371826	ms + z
290	0.2357944614906591	1.7728829383850098	ms + z
295	0.22144327494465374	1.7594528198242188	ms + z
300	0.21680195750961276	1.8085317611694336	ms + z
305	0.2247057909659378	1.9199457168579102	ms + z
310	0.20668427389598787	1.7884483337402344	ms + z
315	0.23554200489377403	1.7687890529632568	ms + z
320	0.22115197887132482	1.7602570056915283	ms + z
325	0.23806657086262478	1.8010025024414062	ms + z
330	0.23880452091505808	1.841033697128296	ms + z
335	0.21198586243057443	1.9927914142608643	ms + z
340	0.22544374101837109	1.7555737495422363	ms + z
345	0.22548258049481493	1.8303275108337402	ms + z
350	0.2105488018021517	1.8976209163665771	ms + z
355	0.2285508991338797	1.7570266723632812	ms + z
360	0.2431351225385482	1.757429838180542	ms + z
365	0.21818075892336972	1.752406358718872	ms + z
370	0.2089952227443974	1.7593560218811035	ms + z
375	0.22385132248417292	1.7559211254119873	ms + z
380	0.21990911562512136	1.7672691345214844	ms + z
385	0.22806540567833145	1.7885122299194336	ms + z
390	0.224919408086379	1.834946870803833	ms + z
395	0.22332698955218083	1.976837396621704	ms + z
400	0.2232298908610712	1.7623631954193115	ms + z
405	0.253544102225502	1.8014910221099854	ms + z
410	0.22074416436866431	1.8855383396148682	ms + z
415	0.247543403114926	1.738696575164795	ms + z
420	0.247543403114926	1.7537627220153809	ms + z
425	0.2277546898667806	1.7529656887054443	ms + z
430	0.22831786227521653	1.7862977981567383	ms + z
435	0.23270672311337243	1.7692787647247314	ms + z
440	0.2469219714918243	1.773400068283081	ms + z
445	0.2469219714918243	1.7541279792785645	ms + z
450	0.2221618052588651	1.7639787197113037	ms + z
455	0.22736629510234202	1.891047716140747	ms + z
460	0.22736629510234202	1.7540581226348877	ms + z
465	0.2272109371965666	1.7494666576385498	ms + z
470	0.22122965782421253	1.7694673538208008	ms + z
475	0.22122965782421253	1.7596800327301025	ms + z
480	0.22723035693478852	1.765185832977295	ms + z
485	0.251097215209539	1.756075382232666	ms + z
490	0.251097215209539	1.764345645904541	ms + z
495	0.22544374101837109	1.7480173110961914	ms + z
500	0.22544374101837109	1.7547383308410645	ms + z
505	0.2292500097098691	1.7637298107147217	ms + z
510	0.2292500097098691	1.7593474388122559	ms + z
515	0.22596807395036314	1.7602322101593018	ms + z
520	0.2301821571445217	1.7736363410949707	ms + z
525	0.2301821571445217	1.7857856750488281	ms + z
530	0.2265312463587991	1.7774567604064941	ms + z
535	0.2265312463587991	1.789097547531128	ms + z
540	0.22763817143744902	1.830437183380127	ms + z
545	0.22763817143744902	1.8202307224273682	ms + z
550	0.2520099429059696	1.7678391933441162	ms + z
555	0.2520099429059696	1.7671806812286377	ms + z
560	0.2520099429059696	1.7674005031585693	ms + z
565	0.2532139666757292	1.7787292003631592	ms + z
570	0.2532139666757292	1.7718119621276855	ms + z
575	0.23185225463160758	1.782214641571045	ms + z
580	0.23185225463160758	1.899817705154419	ms + z
585	0.2489610440051268	1.892707347869873	ms + z
590	0.2489610440051268	1.9754958152770996	ms + z
595	0.2489610440051268	1.7439830303192139	ms + z
600	0.2533887443197266	1.8084766864776611	ms + z
605	0.2533887443197266	1.8195838928222656	ms + z
610	0.2380277313861809	1.7530193328857422	ms + z
615	0.2380277313861809	1.7631385326385498	ms + z
620	0.2380277313861809	1.7392933368682861	ms + z
625	0.2255796791859246	1.7349853515625	ms + z
630	0.2255796791859246	1.7345049381256104	ms + z
635	0.2255796791859246	1.745006799697876	ms + z
640	0.2480094768322523	1.7529873847961426	ms + z
645	0.2480094768322523	1.757093906402588	ms + z
650	0.24433914630830778	1.7559444904327393	ms + z
655	0.24433914630830778	1.7325570583343506	ms + z
660	0.24433914630830778	1.7631731033325195	ms + z
665	0.21773410494426534	1.7432806491851807	ms + z
670	0.21773410494426534	1.757838249206543	ms + z
675	0.21773410494426534	1.7660889625549316	ms + z
680	0.21773410494426534	1.7950294017791748	ms + z
685	0.23905697751194313	1.902069091796875	ms + z
690	0.23905697751194313	1.7534127235412598	ms + z
695	0.23905697751194313	1.7817530632019043	ms + z
700	0.25379655882238705	1.8633058071136475	ms + z
705	0.25379655882238705	1.8630914688110352	ms + z
710	0.25379655882238705	1.9887151718139648	ms + z
715	0.2633316502893541	1.74578857421875	ms + z
720	0.2633316502893541	1.7400949001312256	ms + z
725	0.2633316502893541	1.7333974838256836	ms + z
730	0.2633316502893541	1.7338171005249023	ms + z
735	0.2416009632190158	1.743839979171753	ms + z
740	0.2416009632190158	1.7464804649353027	ms + z
745	0.2416009632190158	1.7762248516082764	ms + z
750	0.2416009632190158	1.8087248802185059	ms + z
755	0.23561968384666174	1.7976326942443848	ms + z
760	0.23561968384666174	1.7318401336669922	ms + z
765	0.23561968384666174	1.8985264301300049	ms + z
770	0.23561968384666174	1.7719182968139648	ms + z
775	0.2406493960461413	1.74180269241333	ms + z
780	0.2406493960461413	1.844092845916748	ms + z
785	0.2406493960461413	1.8304455280303955	ms + z
790	0.2406493960461413	1.8630154132843018	ms + z
795	0.2536994601312774	1.8503198623657227	ms + z
800	0.2536994601312774	1.8066909313201904	ms + z
805	0.2536994601312774	1.724386215209961	ms + z
810	0.2536994601312774	1.7274456024169922	ms + z
815	0.2536994601312774	1.8183467388153076	ms + z
820	0.2443585660465297	1.7664110660552979	ms + z
825	0.2443585660465297	1.7273762226104736	ms + z
830	0.2443585660465297	1.7316298484802246	ms + z
835	0.2443585660465297	1.7341723442077637	ms + z
840	0.2443585660465297	1.8477344512939453	ms + z
845	0.23884336039150192	1.782092571258545	ms + z
850	0.23884336039150192	1.7365837097167969	ms + z
855	0.23884336039150192	1.7133283615112305	ms + z
860	0.23884336039150192	1.7270088195800781	ms + z
865	0.23884336039150192	1.7650420665740967	ms + z
870	0.2245698527983843	1.7857964038848877	ms + z
875	0.2245698527983843	1.8545458316802979	ms + z
880	0.2245698527983843	1.7655870914459229	ms + z
885	0.2245698527983843	1.7475359439849854	ms + z
890	0.2245698527983843	1.8451948165893555	ms + z
895	0.24385365285275953	1.8536553382873535	ms + z
900	0.24385365285275953	1.8351972103118896	ms + z
905	0.24385365285275953	1.7925336360931396	ms + z
910	0.24385365285275953	1.725691795349121	ms + z
915	0.24385365285275953	1.7238447666168213	ms + z
920	0.24385365285275953	1.7445898056030273	ms + z
925	0.2504952033246592	1.725156307220459	ms + z
930	0.2504952033246592	1.8110806941986084	ms + z
935	0.2504952033246592	1.7916791439056396	ms + z
940	0.2504952033246592	1.7268354892730713	ms + z
945	0.2504952033246592	1.7408959865570068	ms + z
950	0.2504952033246592	1.7527079582214355	ms + z
955	0.259001048665864	1.7752819061279297	ms + z
960	0.259001048665864	1.7361247539520264	ms + z
965	0.259001048665864	1.716888427734375	ms + z
970	0.259001048665864	1.734079360961914	ms + z
975	0.259001048665864	1.7518162727355957	ms + z
980	0.259001048665864	1.786189079284668	ms + z
985	0.259001048665864	1.8013830184936523	ms + z
990	0.22365712510195362	1.8819661140441895	ms + z
995	0.22365712510195362	1.7688748836517334	ms + z
1000	0.22365712510195362	1.7434866428375244	ms + z
205	0.22427855672505534	2.3895227909088135	ba + he + z
210	0.22220064473530896	2.4220645427703857	ba + he + z
215	0.24562084903095507	2.3848414421081543	ba + he + z
220	0.24519361479007262	2.4267237186431885	ba + he + z
225	0.24554317007806734	2.4224941730499268	ba + he + z
230	0.24661125568027342	2.4075191020965576	ba + he + z
235	0.2461257622247252	2.1875076293945312	ba + he + z
240	0.24183400007767894	2.182675838470459	ba + he + z
245	0.24364003573231832	2.1672756671905518	ba + he + z
250	0.24332931992076748	2.1672732830047607	ba + he + z
255	0.2422806540567833	2.188579797744751	ba + he + z
260	0.22142385520643182	2.2066547870635986	ba + he + z
265	0.19986794578009087	2.214545726776123	ba + he + z
270	0.22724977667301044	2.1591310501098633	ba + he + z
275	0.22804598594010952	2.1909961700439453	ba + he + z
280	0.22757991222278323	2.1731255054473877	ba + he + z
285	0.2187050918553618	2.1688570976257324	ba + he + z
290	0.23123082300850584	2.272934913635254	ba + he + z
295	0.21787004311181885	2.1555118560791016	ba + he + z
300	0.21237425719501302	2.3503055572509766	ba + he + z
305	0.22313279216996154	2.3488733768463135	ba + he + z
310	0.19800365091078573	2.3292224407196045	ba + he + z
315	0.25175748630908457	2.1541666984558105	ba + he + z
320	0.24711616887404358	2.2764639854431152	ba + he + z
325	0.22414261855750184	2.1448702812194824	ba + he + z
330	0.2513108323299802	2.1785480976104736	ba + he + z
335	0.25154386918864335	2.147447109222412	ba + he + z
340	0.224103779081058	2.1581366062164307	ba + he + z
345	0.22812366489299724	2.148956775665283	ba + he + z
350	0.2276187516992271	2.1246981620788574	ba + he + z
355	0.25270905348195905	2.139504909515381	ba + he + z
360	0.2449799976696314	2.153315305709839	ba + he + z
365	0.20619878044043966	2.1374311447143555	ba + he + z
370	0.2106070610168175	2.133267402648926	ba + he + z
375	0.2293665281392007	2.1347084045410156	ba + he + z
380	0.22526896337437372	2.1483235359191895	ba + he + z
385	0.22561851866236843	2.2379150390625	ba + he + z
390	0.2560492484561308	2.1385419368743896	ba + he + z
395	0.2530586087699538	2.128998041152954	ba + he + z
400	0.22736629510234202	2.229461669921875	ba + he + z
405	0.25494232337748085	2.121490240097046	ba + he + z
410	0.2242397172486115	2.3095479011535645	ba + he + z
415	0.2483396123820251	2.3213915824890137	ba + he + z
420	0.2483396123820251	2.1211228370666504	ba + he + z
425	0.22581271604458772	2.1234641075134277	ba + he + z
430	0.22655066609702101	2.1043736934661865	ba + he + z
435	0.2582242591369868	2.1324996948242188	ba + he + z
440	0.246999650444712	2.25278377532959	ba + he + z
445	0.246999650444712	2.251890182495117	ba + he + z
450	0.2331533770924768	2.1132938861846924	ba + he + z
455	0.22773527012855865	2.110909938812256	ba + he + z
460	0.22773527012855865	2.1162142753601074	ba + he + z
465	0.2291723307569814	2.114349603652954	ba + he + z
470	0.22736629510234202	2.2164275646209717	ba + he + z
475	0.22736629510234202	2.100384473800659	ba + he + z
480	0.21245193614790073	2.1211676597595215	ba + he + z
485	0.25898162892764204	2.4395954608917236	ba + he + z
490	0.25898162892764204	2.0993525981903076	ba + he + z
495	0.25364120091661163	2.1000044345855713	ba + he + z
500	0.25364120091661163	2.1124446392059326	ba + he + z
505	0.22684196217034994	2.1121110916137695	ba + he + z
510	0.22684196217034994	2.371938943862915	ba + he + z
515	0.23049287295607254	2.117581367492676	ba + he + z
520	0.25667068007923255	2.09505558013916	ba + he + z
525	0.25667068007923255	2.1271870136260986	ba + he + z
530	0.25820483939876493	2.239598512649536	ba + he + z
535	0.25820483939876493	2.2961061000823975	ba + he + z
540	0.22864799782498932	2.1302878856658936	ba + he + z
545	0.22864799782498932	2.1049718856811523	ba + he + z
550	0.25628228531479397	2.1929354667663574	ba + he + z
555	0.25628228531479397	2.167159080505371	ba + he + z
560	0.25628228531479397	2.1029632091522217	ba + he + z
565	0.2549617431157028	2.1157374382019043	ba + he + z
570	0.2549617431157028	2.2369794845581055	ba + he + z
575	0.22891987416009632	2.2737832069396973	ba + he + z
580	0.22891987416009632	2.090318202972412	ba + he + z
585	0.25401017594282826	2.092374563217163	ba + he + z
590	0.25401017594282826	2.1794276237487793	ba + he + z
595	0.25401017594282826	2.107210159301758	ba + he + z
600	0.2490969821726803	2.0841403007507324	ba + he + z
605	0.2490969821726803	2.102720022201538	ba + he + z
610	0.22948304656853225	2.115262269973755	ba + he + z
615	0.22948304656853225	2.1444671154022217	ba + he + z
620	0.22948304656853225	2.2301042079925537	ba + he + z
625	0.23466811667378723	2.1849963665008545	ba + he + z
630	0.23466811667378723	2.260194778442383	ba + he + z
635	0.23466811667378723	2.284083843231201	ba + he + z
640	0.25870975259253504	2.1903505325317383	ba + he + z
645	0.25870975259253504	2.165210485458374	ba + he + z
650	0.2600302947916262	2.2300941944122314	ba + he + z
655	0.2600302947916262	2.2485735416412354	ba + he + z
660	0.2600302947916262	2.1641674041748047	ba + he + z
665	0.2468637122771585	2.235717296600342	ba + he + z
670	0.2468637122771585	2.1996190547943115	ba + he + z
675	0.2468637122771585	2.1561033725738525	ba + he + z
680	0.2468637122771585	2.3739495277404785	ba + he + z
685	0.22926942944809103	2.164398193359375	ba + he + z
690	0.22926942944809103	2.171152114868164	ba + he + z
695	0.22926942944809103	2.171459436416626	ba + he + z
700	0.2520682021206354	2.154571294784546	ba + he + z
705	0.2520682021206354	2.145233154296875	ba + he + z
710	0.2520682021206354	2.156759023666382	ba + he + z
715	0.260904183011613	2.1710641384124756	ba + he + z
720	0.260904183011613	2.3030846118927	ba + he + z
725	0.260904183011613	2.296828269958496	ba + he + z
730	0.260904183011613	2.292299747467041	ba + he + z
735	0.261991688352041	2.1910083293914795	ba + he + z
740	0.261991688352041	2.144535541534424	ba + he + z
745	0.261991688352041	2.2182791233062744	ba + he + z
750	0.261991688352041	2.243131160736084	ba + he + z
755	0.2459898240571717	2.2872474193573	ba + he + z
760	0.2459898240571717	2.3393352031707764	ba + he + z
765	0.2459898240571717	2.140228033065796	ba + he + z
770	0.2459898240571717	2.1758270263671875	ba + he + z
775	0.261447935681827	2.2503507137298584	ba + he + z
780	0.261447935681827	2.1349618434906006	ba + he + z
785	0.261447935681827	2.1926345825195312	ba + he + z
790	0.261447935681827	2.1598994731903076	ba + he + z
795	0.26080708432050337	2.14481258392334	ba + he + z
800	0.26080708432050337	2.1375668048858643	ba + he + z
805	0.26080708432050337	2.1542932987213135	ba + he + z
810	0.26080708432050337	2.3656320571899414	ba + he + z
815	0.26080708432050337	2.1716513633728027	ba + he + z
820	0.2360469180875442	2.3058054447174072	ba + he + z
825	0.2360469180875442	2.1517066955566406	ba + he + z
830	0.2360469180875442	2.251711368560791	ba + he + z
835	0.2360469180875442	2.277449369430542	ba + he + z
840	0.2360469180875442	2.19732928276062	ba + he + z
845	0.259272925000971	2.2419865131378174	ba + he + z
850	0.259272925000971	2.2815096378326416	ba + he + z
855	0.259272925000971	2.121307134628296	ba + he + z
860	0.259272925000971	2.1147220134735107	ba + he + z
865	0.259272925000971	2.243513584136963	ba + he + z
870	0.246999650444712	2.2559211254119873	ba + he + z
875	0.246999650444712	2.226619243621826	ba + he + z
880	0.246999650444712	2.2530038356781006	ba + he + z
885	0.246999650444712	2.28236722946167	ba + he + z
890	0.246999650444712	2.1211276054382324	ba + he + z
895	0.26997320076125375	2.134962797164917	ba + he + z
900	0.26997320076125375	2.1241002082824707	ba + he + z
905	0.26997320076125375	2.1182823181152344	ba + he + z
910	0.26997320076125375	2.1218504905700684	ba + he + z
915	0.26997320076125375	2.1247150897979736	ba + he + z
920	0.26997320076125375	2.1258633136749268	ba + he + z
925	0.2474657241620383	2.126215934753418	ba + he + z
930	0.2474657241620383	2.145676851272583	ba + he + z
935	0.2474657241620383	2.1213037967681885	ba + he + z
940	0.2474657241620383	2.152801513671875	ba + he + z
945	0.2474657241620383	2.3607728481292725	ba + he + z
950	0.2474657241620383	2.1241562366485596	ba + he + z
955	0.2530974482463976	2.1486313343048096	ba + he + z
960	0.2530974482463976	2.2053894996643066	ba + he + z
965	0.2530974482463976	2.1318845748901367	ba + he + z
970	0.2530974482463976	2.365879535675049	ba + he + z
975	0.2530974482463976	2.1127285957336426	ba + he + z
980	0.2530974482463976	2.16707444190979	ba + he + z
985	0.2530974482463976	2.1675796508789062	ba + he + z
990	0.26387540295956813	2.12916898727417	ba + he + z
995	0.26387540295956813	2.1291627883911133	ba + he + z
1000	0.26387540295956813	2.124897003173828	ba + he + z
205	0.20773293975997204	2.6460211277008057	ba + he + hy + z
210	0.2221618052588651	2.584380865097046	ba + he + hy + z
215	0.21717093253582942	2.7195820808410645	ba + he + hy + z
220	0.24548491086340157	2.9331932067871094	ba + he + hy + z
225	0.24600924379539363	2.9214348793029785	ba + he + hy + z
230	0.246184021439391	2.5701403617858887	ba + he + hy + z
235	0.2461063424865033	2.5355451107025146	ba + he + hy + z
240	0.24115430923991144	2.5585100650787354	ba + he + hy + z
245	0.24224181458033947	2.5810892581939697	ba + he + hy + z
250	0.24243601196255873	2.53633713722229	ba + he + hy + z
255	0.24282440672699732	2.5188047885894775	ba + he + hy + z
260	0.22124907756243445	2.553414821624756	ba + he + hy + z
265	0.21050996232570784	2.554689407348633	ba + he + hy + z
270	0.22732745562589815	2.519786834716797	ba + he + hy + z
275	0.22697790033790344	2.541370391845703	ba + he + hy + z
280	0.22732745562589815	2.68468976020813	ba + he + hy + z
285	0.2247834699188255	2.6653006076812744	ba + he + hy + z
290	0.22054996698644502	2.6014182567596436	ba + he + hy + z
295	0.21785062337359692	2.5210518836975098	ba + he + hy + z
300	0.21208296112168407	2.5438153743743896	ba + he + hy + z
305	0.22414261855750184	2.50710129737854	ba + he + hy + z
310	0.20478113955023886	2.560533285140991	ba + he + hy + z
315	0.250262166465996	2.547502040863037	ba + he + hy + z
320	0.21973433798112402	2.5211172103881836	ba + he + hy + z
325	0.22394842117528255	2.496638298034668	ba + he + hy + z
330	0.2517380665708626	2.517679452896118	ba + he + hy + z
335	0.225191284421486	2.50718092918396	ba + he + hy + z
340	0.22866741756321124	2.5061559677124023	ba + he + hy + z
345	0.2295024663067542	2.4934680461883545	ba + he + hy + z
350	0.21400551520565503	2.8660759925842285	ba + he + hy + z
355	0.2540295956810502	2.490615129470825	ba + he + hy + z
360	0.2461257622247252	2.8523612022399902	ba + he + hy + z
365	0.20992737017905	2.491964340209961	ba + he + hy + z
370	0.21237425719501302	2.504889488220215	ba + he + hy + z
375	0.230648230861848	2.4810166358947754	ba + he + hy + z
380	0.2247834699188255	2.4755122661590576	ba + he + hy + z
385	0.21831669709092322	2.5015859603881836	ba + he + hy + z
390	0.22253078028508175	2.545987606048584	ba + he + hy + z
395	0.254359731230823	2.5159928798675537	ba + he + hy + z
400	0.22635646871480172	2.4846079349517822	ba + he + hy + z
405	0.2552336194508098	2.473761558532715	ba + he + hy + z
410	0.2224919408086379	2.4966976642608643	ba + he + hy + z
415	0.2487474268846856	2.55458664894104	ba + he + hy + z
420	0.2487474268846856	2.647873878479004	ba + he + hy + z
425	0.2258515555210316	2.6295971870422363	ba + he + hy + z
430	0.2262593700236921	2.7386481761932373	ba + he + hy + z
435	0.22989086107119275	2.6071250438690186	ba + he + hy + z
440	0.2449023187167437	2.611736536026001	ba + he + hy + z
445	0.2449023187167437	2.597914218902588	ba + he + hy + z
450	0.2343574008622364	2.6043310165405273	ba + he + hy + z
455	0.2284343807045481	2.601449489593506	ba + he + hy + z
460	0.2284343807045481	2.6433000564575195	ba + he + hy + z
465	0.2278129490814464	2.4520609378814697	ba + he + hy + z
470	0.2257932963063658	2.4582273960113525	ba + he + hy + z
475	0.2257932963063658	2.4487431049346924	ba + he + hy + z
480	0.22177341049442653	2.4952988624572754	ba + he + hy + z
485	0.2295024663067542	2.527923822402954	ba + he + hy + z
490	0.2295024663067542	2.597743272781372	ba + he + hy + z
495	0.25358294170194584	2.600653648376465	ba + he + hy + z
500	0.25358294170194584	2.6160688400268555	ba + he + hy + z
505	0.22744397405522973	2.4518463611602783	ba + he + hy + z
510	0.22744397405522973	2.4839224815368652	ba + he + hy + z
515	0.230648230861848	2.478461980819702	ba + he + hy + z
520	0.24810657552336193	2.500185012817383	ba + he + hy + z
525	0.24810657552336193	2.561540365219116	ba + he + hy + z
530	0.25500058259214664	2.6326262950897217	ba + he + hy + z
535	0.25500058259214664	2.6285247802734375	ba + he + hy + z
540	0.22812366489299724	2.6382720470428467	ba + he + hy + z
545	0.22812366489299724	2.6549906730651855	ba + he + hy + z
550	0.2555054957859168	2.4999475479125977	ba + he + hy + z
555	0.2555054957859168	2.7796072959899902	ba + he + hy + z
560	0.2555054957859168	2.4816296100616455	ba + he + hy + z
565	0.25911756709519557	2.6263344287872314	ba + he + hy + z
570	0.25911756709519557	2.6260032653808594	ba + he + hy + z
575	0.22907523206587174	2.6127922534942627	ba + he + hy + z
580	0.22907523206587174	2.6517088413238525	ba + he + hy + z
585	0.25579679185924575	2.611085891723633	ba + he + hy + z
590	0.25579679185924575	2.6301610469818115	ba + he + hy + z
595	0.25579679185924575	2.6090004444122314	ba + he + hy + z
600	0.25439857070726685	2.663911819458008	ba + he + hy + z
605	0.25439857070726685	2.4969444274902344	ba + he + hy + z
610	0.22645356740591135	2.5346553325653076	ba + he + hy + z
615	0.22645356740591135	2.611854076385498	ba + he + hy + z
620	0.22645356740591135	2.631457805633545	ba + he + hy + z
625	0.2359303996582126	2.6027004718780518	ba + he + hy + z
630	0.2359303996582126	2.633460521697998	ba + he + hy + z
635	0.2359303996582126	2.653501272201538	ba + he + hy + z
640	0.2593311842156368	2.6313796043395996	ba + he + hy + z
645	0.2593311842156368	2.6684937477111816	ba + he + hy + z
650	0.25841845651920614	2.6359119415283203	ba + he + hy + z
655	0.25841845651920614	2.6479780673980713	ba + he + hy + z
660	0.25841845651920614	2.4816389083862305	ba + he + hy + z
665	0.24519361479007262	2.522995710372925	ba + he + hy + z
670	0.24519361479007262	2.6079459190368652	ba + he + hy + z
675	0.24519361479007262	2.6148993968963623	ba + he + hy + z
680	0.24519361479007262	2.6146645545959473	ba + he + hy + z
685	0.2244533343690527	2.598871946334839	ba + he + hy + z
690	0.2244533343690527	2.5933656692504883	ba + he + hy + z
695	0.2244533343690527	2.627002477645874	ba + he + hy + z
700	0.24633937934516642	2.4664690494537354	ba + he + hy + z
705	0.24633937934516642	2.5196011066436768	ba + he + hy + z
710	0.24633937934516642	2.5995805263519287	ba + he + hy + z
715	0.2597001592418534	2.5997657775878906	ba + he + hy + z
720	0.2597001592418534	2.6286280155181885	ba + he + hy + z
725	0.2597001592418534	2.6092238426208496	ba + he + hy + z
730	0.2597001592418534	2.6434319019317627	ba + he + hy + z
735	0.25892336971297625	2.6394240856170654	ba + he + hy + z
740	0.25892336971297625	2.4883344173431396	ba + he + hy + z
745	0.25892336971297625	2.478998899459839	ba + he + hy + z
750	0.25892336971297625	2.4890198707580566	ba + he + hy + z
755	0.254903483901037	2.529181480407715	ba + he + hy + z
760	0.254903483901037	2.569584846496582	ba + he + hy + z
765	0.254903483901037	2.6145730018615723	ba + he + hy + z
770	0.254903483901037	2.626875638961792	ba + he + hy + z
775	0.26059346720006216	2.497560739517212	ba + he + hy + z
780	0.26059346720006216	2.4859464168548584	ba + he + hy + z
785	0.26059346720006216	2.473247528076172	ba + he + hy + z
790	0.26059346720006216	2.5076403617858887	ba + he + hy + z
795	0.2599331961005166	2.540515899658203	ba + he + hy + z
800	0.2599331961005166	2.655080556869507	ba + he + hy + z
805	0.2599331961005166	2.5182435512542725	ba + he + hy + z
810	0.2599331961005166	2.512739896774292	ba + he + hy + z
815	0.2599331961005166	2.609921455383301	ba + he + hy + z
820	0.23839670641239757	2.6085095405578613	ba + he + hy + z
825	0.23839670641239757	2.6044552326202393	ba + he + hy + z
830	0.23839670641239757	2.60102915763855	ba + he + hy + z
835	0.23839670641239757	2.65073561668396	ba + he + hy + z
840	0.23839670641239757	2.478318214416504	ba + he + hy + z
845	0.2580689012312114	2.519617795944214	ba + he + hy + z
850	0.2580689012312114	2.6014420986175537	ba + he + hy + z
855	0.2580689012312114	2.606034517288208	ba + he + hy + z
860	0.2580689012312114	2.6246232986450195	ba + he + hy + z
865	0.2580689012312114	2.6592071056365967	ba + he + hy + z
870	0.21342292305899715	2.580080270767212	ba + he + hy + z
875	0.21342292305899715	2.6027965545654297	ba + he + hy + z
880	0.21342292305899715	2.4716429710388184	ba + he + hy + z
885	0.21342292305899715	2.446772575378418	ba + he + hy + z
890	0.21342292305899715	2.458928346633911	ba + he + hy + z
895	0.269079892803045	2.466792345046997	ba + he + hy + z
900	0.269079892803045	2.507903575897217	ba + he + hy + z
905	0.269079892803045	2.628303289413452	ba + he + hy + z
910	0.269079892803045	2.574882745742798	ba + he + hy + z
915	0.269079892803045	2.616913080215454	ba + he + hy + z
920	0.269079892803045	2.5419416427612305	ba + he + hy + z
925	0.24865032819357594	2.5427498817443848	ba + he + hy + z
930	0.24865032819357594	2.54118275642395	ba + he + hy + z
935	0.24865032819357594	2.584416151046753	ba + he + hy + z
940	0.24865032819357594	2.681631326675415	ba + he + hy + z
945	0.24865032819357594	2.582770347595215	ba + he + hy + z
950	0.24865032819357594	2.6566901206970215	ba + he + hy + z
955	0.25249543636151783	2.670548677444458	ba + he + hy + z
960	0.25249543636151783	2.7269718647003174	ba + he + hy + z
965	0.25249543636151783	2.712247610092163	ba + he + hy + z
970	0.25249543636151783	2.7208147048950195	ba + he + hy + z
975	0.25249543636151783	2.777717113494873	ba + he + hy + z
980	0.25249543636151783	2.7277772426605225	ba + he + hy + z
985	0.25249543636151783	2.712615728378296	ba + he + hy + z
990	0.262807317357362	2.705637216567993	ba + he + hy + z
995	0.262807317357362	2.6860711574554443	ba + he + hy + z
1000	0.262807317357362	2.7182698249816895	ba + he + hy + z
205	0.21699615489183205	2.0836730003356934	ba + he + hy + ms
210	0.21753990756204605	1.7878153324127197	ba + he + hy + ms
215	0.21773410494426534	1.8294758796691895	ba + he + hy + ms
220	0.24082417369013864	1.8887743949890137	ba + he + hy + ms
225	0.2414650250514623	1.8283298015594482	ba + he + hy + ms
230	0.25195168369130383	1.795607566833496	ba + he + hy + ms
235	0.2455820095545112	1.8047785758972168	ba + he + hy + ms
240	0.25144677049753367	1.807008981704712	ba + he + hy + ms
245	0.25257311531440557	1.8094615936279297	ba + he + hy + ms
250	0.2493688585077873	1.9481213092803955	ba + he + hy + ms
255	0.2517380665708626	2.214420795440674	ba + he + hy + ms
260	0.2299102808094147	1.7836556434631348	ba + he + hy + ms
265	0.2009554511205189	2.0783560276031494	ba + he + hy + ms
270	0.23542548646444245	1.8704135417938232	ba + he + hy + ms
275	0.23115314405561813	1.8235502243041992	ba + he + hy + ms
280	0.23292034023381364	1.7856152057647705	ba + he + hy + ms
285	0.2213267565153222	1.8177826404571533	ba + he + hy + ms
290	0.21159746766613585	1.7953598499298096	ba + he + hy + ms
295	0.2319493533227172	1.7681334018707275	ba + he + hy + ms
300	0.25259253505262746	1.8029282093048096	ba + he + hy + ms
305	0.23812483007729054	1.7903454303741455	ba + he + hy + ms
310	0.2022371538431662	1.7962872982025146	ba + he + hy + ms
315	0.25503942206859054	1.7755086421966553	ba + he + hy + ms
320	0.22041402881889152	1.7841105461120605	ba + he + hy + ms
325	0.2287645162543209	1.7771952152252197	ba + he + hy + ms
330	0.23501767196178194	1.8295352458953857	ba + he + hy + ms
335	0.25696197615256144	1.7732813358306885	ba + he + hy + ms
340	0.2309977861498427	1.7761616706848145	ba + he + hy + ms
345	0.22299685400240804	1.7735981941223145	ba + he + hy + ms
350	0.2410572105488018	1.8319199085235596	ba + he + hy + ms
355	0.2233658290286247	1.861708402633667	ba + he + hy + ms
360	0.25193226395308194	2.0411391258239746	ba + he + hy + ms
365	0.2280848254165534	1.765993595123291	ba + he + hy + ms
370	0.26692430186041094	1.8092241287231445	ba + he + hy + ms
375	0.25674835903212023	1.88631010055542	ba + he + hy + ms
380	0.23629937468442924	1.7602200508117676	ba + he + hy + ms
385	0.2271332582436789	1.7574489116668701	ba + he + hy + ms
390	0.22899755311298403	1.7684977054595947	ba + he + hy + ms
395	0.263079193692469	1.9441328048706055	ba + he + hy + ms
400	0.2447663805491902	1.751145362854004	ba + he + hy + ms
405	0.25971957898007536	1.7562065124511719	ba + he + hy + ms
410	0.25290325086417836	1.768897294998169	ba + he + hy + ms
415	0.24703848992115587	1.7586572170257568	ba + he + hy + ms
420	0.24703848992115587	1.9467425346374512	ba + he + hy + ms
425	0.23121140327028392	1.738464593887329	ba + he + hy + ms
430	0.22111313939488095	1.7386863231658936	ba + he + hy + ms
435	0.24494115819318757	1.7863919734954834	ba + he + hy + ms
440	0.25134967180642404	1.7836503982543945	ba + he + hy + ms
445	0.25134967180642404	1.76755690574646	ba + he + hy + ms
450	0.2507088204451004	1.7284457683563232	ba + he + hy + ms
455	0.22717209772012273	1.7277638912200928	ba + he + hy + ms
460	0.22717209772012273	1.7401018142700195	ba + he + hy + ms
465	0.2658562162582048	1.741156816482544	ba + he + hy + ms
470	0.230104478191634	1.7868218421936035	ba + he + hy + ms
475	0.230104478191634	1.7846076488494873	ba + he + hy + ms
480	0.24317396201499203	1.811483383178711	ba + he + hy + ms
485	0.26342874898046376	1.8725521564483643	ba + he + hy + ms
490	0.26342874898046376	1.9591574668884277	ba + he + hy + ms
495	0.25533071814191943	1.7383301258087158	ba + he + hy + ms
500	0.25533071814191943	1.7224738597869873	ba + he + hy + ms
505	0.2417174816483474	1.7349021434783936	ba + he + hy + ms
510	0.2417174816483474	1.7354397773742676	ba + he + hy + ms
515	0.2714879403425642	1.7278273105621338	ba + he + hy + ms
520	0.24195051850701052	1.9312691688537598	ba + he + hy + ms
525	0.24195051850701052	1.7567472457885742	ba + he + hy + ms
530	0.2373480405484134	1.734356164932251	ba + he + hy + ms
535	0.2373480405484134	1.7303099632263184	ba + he + hy + ms
540	0.25329164562861695	1.777998685836792	ba + he + hy + ms
545	0.25329164562861695	1.8136680126190186	ba + he + hy + ms
550	0.26451625432089176	1.7321269512176514	ba + he + hy + ms
555	0.26451625432089176	1.7466936111450195	ba + he + hy + ms
560	0.26451625432089176	1.7424535751342773	ba + he + hy + ms
565	0.2631374529071348	1.7243883609771729	ba + he + hy + ms
570	0.2631374529071348	1.720059871673584	ba + he + hy + ms
575	0.2615644541111586	1.7633938789367676	ba + he + hy + ms
580	0.2615644541111586	1.7220726013183594	ba + he + hy + ms
585	0.2735464325940886	1.7263119220733643	ba + he + hy + ms
590	0.2735464325940886	1.7243006229400635	ba + he + hy + ms
595	0.2735464325940886	1.7279689311981201	ba + he + hy + ms
600	0.26692430186041094	1.733008861541748	ba + he + hy + ms
605	0.26692430186041094	1.736448049545288	ba + he + hy + ms
610	0.27195401405989045	1.7493391036987305	ba + he + hy + ms
615	0.27195401405989045	1.9187707901000977	ba + he + hy + ms
620	0.27195401405989045	1.7338547706604004	ba + he + hy + ms
625	0.26414727929467513	1.7325265407562256	ba + he + hy + ms
630	0.26414727929467513	1.7449228763580322	ba + he + hy + ms
635	0.26414727929467513	1.7460036277770996	ba + he + hy + ms
640	0.26288499631024975	1.7286219596862793	ba + he + hy + ms
645	0.26288499631024975	1.7304301261901855	ba + he + hy + ms
650	0.26572027809065135	1.7083649635314941	ba + he + hy + ms
655	0.26572027809065135	1.7394397258758545	ba + he + hy + ms
660	0.26572027809065135	1.7263994216918945	ba + he + hy + ms
665	0.2730026799238746	1.7305150032043457	ba + he + hy + ms
670	0.2730026799238746	1.7256042957305908	ba + he + hy + ms
675	0.2730026799238746	1.7246019840240479	ba + he + hy + ms
680	0.2730026799238746	1.726248025894165	ba + he + hy + ms
685	0.2741484444789684	1.7235686779022217	ba + he + hy + ms
690	0.2741484444789684	1.7276599407196045	ba + he + hy + ms
695	0.2741484444789684	1.7237143516540527	ba + he + hy + ms
700	0.26822542432128016	1.7326083183288574	ba + he + hy + ms
705	0.26822542432128016	1.733189582824707	ba + he + hy + ms
710	0.26822542432128016	1.716993808746338	ba + he + hy + ms
715	0.27968306987221814	1.723872423171997	ba + he + hy + ms
720	0.27968306987221814	1.7248241901397705	ba + he + hy + ms
725	0.27968306987221814	1.7235374450683594	ba + he + hy + ms
730	0.27968306987221814	1.7245903015136719	ba + he + hy + ms
735	0.27680894861537264	1.7239370346069336	ba + he + hy + ms
740	0.27680894861537264	1.7229373455047607	ba + he + hy + ms
745	0.27680894861537264	1.734727382659912	ba + he + hy + ms
750	0.27680894861537264	1.909125566482544	ba + he + hy + ms
755	0.2781683302909077	1.7115538120269775	ba + he + hy + ms
760	0.2781683302909077	1.7391159534454346	ba + he + hy + ms
765	0.2781683302909077	1.7206249237060547	ba + he + hy + ms
770	0.2781683302909077	1.7230310440063477	ba + he + hy + ms
775	0.27739154076203054	1.714449167251587	ba + he + hy + ms
780	0.27739154076203054	1.7356958389282227	ba + he + hy + ms
785	0.27739154076203054	1.71882963180542	ba + he + hy + ms
790	0.27739154076203054	1.7349708080291748	ba + he + hy + ms
795	0.2652153648968812	1.750215768814087	ba + he + hy + ms
800	0.2652153648968812	1.7941093444824219	ba + he + hy + ms
805	0.2652153648968812	1.803919792175293	ba + he + hy + ms
810	0.2652153648968812	1.7795906066894531	ba + he + hy + ms
815	0.2652153648968812	1.7280023097991943	ba + he + hy + ms
820	0.23905697751194313	1.7137095928192139	ba + he + hy + ms
825	0.23905697751194313	1.7191145420074463	ba + he + hy + ms
830	0.23905697751194313	1.7072718143463135	ba + he + hy + ms
835	0.23905697751194313	1.7302985191345215	ba + he + hy + ms
840	0.23905697751194313	1.768136739730835	ba + he + hy + ms
845	0.26884685594438185	1.7910242080688477	ba + he + hy + ms
850	0.26884685594438185	1.7943994998931885	ba + he + hy + ms
855	0.26884685594438185	1.717391014099121	ba + he + hy + ms
860	0.26884685594438185	1.7044401168823242	ba + he + hy + ms
865	0.26884685594438185	1.6997451782226562	ba + he + hy + ms
870	0.28807239678409136	1.7062647342681885	ba + he + hy + ms
875	0.28807239678409136	1.7117998600006104	ba + he + hy + ms
880	0.28807239678409136	1.7451646327972412	ba + he + hy + ms
885	0.28807239678409136	1.7723865509033203	ba + he + hy + ms
890	0.28807239678409136	1.8725957870483398	ba + he + hy + ms
895	0.2736629510234202	1.888458251953125	ba + he + hy + ms
900	0.2736629510234202	1.796018362045288	ba + he + hy + ms
905	0.2736629510234202	1.6998977661132812	ba + he + hy + ms
910	0.2736629510234202	1.7159757614135742	ba + he + hy + ms
915	0.2736629510234202	1.707310676574707	ba + he + hy + ms
920	0.2736629510234202	1.818871259689331	ba + he + hy + ms
925	0.26408902008000934	1.693586826324463	ba + he + hy + ms
930	0.26408902008000934	1.7143728733062744	ba + he + hy + ms
935	0.26408902008000934	1.7046129703521729	ba + he + hy + ms
940	0.26408902008000934	1.716327428817749	ba + he + hy + ms
945	0.26408902008000934	1.7046127319335938	ba + he + hy + ms
950	0.26408902008000934	1.7026565074920654	ba + he + hy + ms
955	0.2755466656309473	1.7081630229949951	ba + he + hy + ms
960	0.2755466656309473	1.8886911869049072	ba + he + hy + ms
965	0.2755466656309473	1.7014563083648682	ba + he + hy + ms
970	0.2755466656309473	1.7008452415466309	ba + he + hy + ms
975	0.2755466656309473	1.7149271965026855	ba + he + hy + ms
980	0.2755466656309473	1.7224845886230469	ba + he + hy + ms
985	0.2755466656309473	1.7652113437652588	ba + he + hy + ms
990	0.2654872412319882	1.7376842498779297	ba + he + hy + ms
995	0.2654872412319882	1.7036452293395996	ba + he + hy + ms
1000	0.2654872412319882	1.7382316589355469	ba + he + hy + ms
205	0.22192876840020195	2.6680753231048584	ba + he + ms + z
210	0.2219481881384239	2.8283042907714844	ba + he + ms + z
215	0.24688313201538042	2.5843350887298584	ba + he + ms + z
220	0.24711616887404358	2.582017183303833	ba + he + ms + z
225	0.24750456363848217	2.6325583457946777	ba + he + ms + z
230	0.2473880452091506	2.5903565883636475	ba + he + ms + z
235	0.2477376004971453	2.584625720977783	ba + he + ms + z
240	0.2433487396589894	2.6415462493896484	ba + he + ms + z
245	0.24433914630830778	2.8445427417755127	ba + he + ms + z
250	0.2444945042140832	2.6103696823120117	ba + he + ms + z
255	0.24583446615139629	2.5936968326568604	ba + he + ms + z
260	0.22190934866198003	2.6457231044769287	ba + he + ms + z
265	0.20771352002175011	2.7147340774536133	ba + he + ms + z
270	0.2292500097098691	2.8459606170654297	ba + he + ms + z
275	0.2268031226939061	2.5560567378997803	ba + he + ms + z
280	0.22631762923835785	2.546566963195801	ba + he + ms + z
285	0.22631762923835785	2.54194712638855	ba + he + ms + z
290	0.23303685866314522	2.568366289138794	ba + he + ms + z
295	0.21853031421136443	2.5846364498138428	ba + he + ms + z
300	0.22981318211830504	2.8278234004974365	ba + he + ms + z
305	0.22608459237969472	2.590067148208618	ba + he + ms + z
310	0.20683963180176332	2.5338292121887207	ba + he + ms + z
315	0.25162154814153104	2.554912567138672	ba + he + ms + z
320	0.25352468248728005	2.606421947479248	ba + he + ms + z
325	0.2231716316464054	2.678156852722168	ba + he + ms + z
330	0.25249543636151783	2.6994364261627197	ba + he + ms + z
335	0.2545733483512642	2.6049630641937256	ba + he + ms + z
340	0.22655066609702101	2.5414586067199707	ba + he + ms + z
345	0.2283567017516604	2.5751144886016846	ba + he + ms + z
350	0.22919175049520332	2.648380994796753	ba + he + ms + z
355	0.25257311531440557	2.660459041595459	ba + he + ms + z
360	0.24534897269584807	2.515068769454956	ba + he + ms + z
365	0.20975259253505263	2.5116453170776367	ba + he + ms + z
370	0.21561735347807512	2.6274821758270264	ba + he + ms + z
375	0.22385132248417292	2.5029282569885254	ba + he + ms + z
380	0.22453101332194042	2.637847900390625	ba + he + ms + z
385	0.22594865421214122	2.4960412979125977	ba + he + ms + z
390	0.24991261117800131	2.5010275840759277	ba + he + ms + z
395	0.25243717714685204	2.5055575370788574	ba + he + ms + z
400	0.22530780285081758	2.5454678535461426	ba + he + ms + z
405	0.25525303918903175	2.564455270767212	ba + he + ms + z
410	0.24154270400435002	2.5689127445220947	ba + he + ms + z
415	0.24971841379578202	2.7089500427246094	ba + he + ms + z
420	0.24971841379578202	2.6993303298950195	ba + he + ms + z
425	0.2272886161494543	2.6906819343566895	ba + he + ms + z
430	0.2288421952072086	2.733590602874756	ba + he + ms + z
435	0.2290946518040937	2.6822798252105713	ba + he + ms + z
440	0.2474074649473725	2.6679303646087646	ba + he + ms + z
445	0.2474074649473725	2.6991219520568848	ba + he + ms + z
450	0.2346292771973434	2.6924655437469482	ba + he + ms + z
455	0.2286868373014332	2.6740493774414062	ba + he + ms + z
460	0.2286868373014332	2.7436890602111816	ba + he + ms + z
465	0.22872567677787703	2.673189640045166	ba + he + ms + z
470	0.23136676117605934	2.6826224327087402	ba + he + ms + z
475	0.23136676117605934	2.689771890640259	ba + he + ms + z
480	0.21392783625276732	2.6570804119110107	ba + he + ms + z
485	0.23229890861071192	2.6674747467041016	ba + he + ms + z
490	0.23229890861071192	2.66752290725708	ba + he + ms + z
495	0.25156328892686525	2.6555533409118652	ba + he + ms + z
500	0.25156328892686525	2.7066702842712402	ba + he + ms + z
505	0.2300462189769682	2.488985061645508	ba + he + ms + z
510	0.2300462189769682	2.493553876876831	ba + he + ms + z
515	0.2302598360974094	2.5088117122650146	ba + he + ms + z
520	0.2561657668854624	2.574587345123291	ba + he + ms + z
525	0.2561657668854624	2.5934133529663086	ba + he + ms + z
530	0.2573115314405562	2.604360342025757	ba + he + ms + z
535	0.2573115314405562	2.7362513542175293	ba + he + ms + z
540	0.2272691964112324	2.746436357498169	ba + he + ms + z
545	0.2272691964112324	2.736229181289673	ba + he + ms + z
550	0.2569231366761176	2.742915630340576	ba + he + ms + z
555	0.2569231366761176	2.740706443786621	ba + he + ms + z
560	0.2569231366761176	2.74583101272583	ba + he + ms + z
565	0.25733095117877813	2.6048145294189453	ba + he + ms + z
570	0.25733095117877813	2.4998624324798584	ba + he + ms + z
575	0.2276964306521148	2.677394390106201	ba + he + ms + z
580	0.2276964306521148	2.5416667461395264	ba + he + ms + z
585	0.2525536955761836	2.818201780319214	ba + he + ms + z
590	0.2525536955761836	2.4982717037200928	ba + he + ms + z
595	0.2525536955761836	2.5271334648132324	ba + he + ms + z
600	0.25569969316813607	2.550664186477661	ba + he + ms + z
605	0.25569969316813607	2.566511631011963	ba + he + ms + z
610	0.22926942944809103	2.5739073753356934	ba + he + ms + z
615	0.22926942944809103	2.6763768196105957	ba + he + ms + z
620	0.22926942944809103	2.5111067295074463	ba + he + ms + z
625	0.2363964733755389	2.516730308532715	ba + he + ms + z
630	0.2363964733755389	2.509690999984741	ba + he + ms + z
635	0.2363964733755389	2.513803243637085	ba + he + ms + z
640	0.2587874315454228	2.5271871089935303	ba + he + ms + z
645	0.2587874315454228	2.562284469604492	ba + he + ms + z
650	0.2567095195556764	2.860067367553711	ba + he + ms + z
655	0.2567095195556764	2.494126081466675	ba + he + ms + z
660	0.2567095195556764	2.659945249557495	ba + he + ms + z
665	0.2610983803938323	2.5282411575317383	ba + he + ms + z
670	0.2610983803938323	2.513002872467041	ba + he + ms + z
675	0.2610983803938323	2.497563123703003	ba + he + ms + z
680	0.2610983803938323	2.503148078918457	ba + he + ms + z
685	0.24379539363809377	2.4981796741485596	ba + he + ms + z
690	0.24379539363809377	2.506673812866211	ba + he + ms + z
695	0.24379539363809377	2.4988009929656982	ba + he + ms + z
700	0.25760282751388514	2.5200037956237793	ba + he + ms + z
705	0.25760282751388514	2.526158571243286	ba + he + ms + z
710	0.25760282751388514	2.5745913982391357	ba + he + ms + z
715	0.26606983337864604	2.5781092643737793	ba + he + ms + z
720	0.26606983337864604	2.498183250427246	ba + he + ms + z
725	0.26606983337864604	2.4933013916015625	ba + he + ms + z
730	0.26606983337864604	2.4962942600250244	ba + he + ms + z
735	0.25344700353439237	2.4966931343078613	ba + he + ms + z
740	0.25344700353439237	2.4868905544281006	ba + he + ms + z
745	0.25344700353439237	2.4965410232543945	ba + he + ms + z
750	0.25344700353439237	2.722633123397827	ba + he + ms + z
755	0.24835903212024701	2.4840986728668213	ba + he + ms + z
760	0.24835903212024701	2.488729476928711	ba + he + ms + z
765	0.24835903212024701	2.511033058166504	ba + he + ms + z
770	0.24835903212024701	2.5586161613464355	ba + he + ms + z
775	0.2636812055773488	2.6135504245758057	ba + he + ms + z
780	0.2636812055773488	2.5557713508605957	ba + he + ms + z
785	0.2636812055773488	2.510007381439209	ba + he + ms + z
790	0.2636812055773488	2.505725622177124	ba + he + ms + z
795	0.26195284887559717	2.503079891204834	ba + he + ms + z
800	0.26195284887559717	2.534552574157715	ba + he + ms + z
805	0.26195284887559717	2.5701541900634766	ba + he + ms + z
810	0.26195284887559717	2.591909408569336	ba + he + ms + z
815	0.26195284887559717	2.579314708709717	ba + he + ms + z
820	0.2514079310210898	2.5195066928863525	ba + he + ms + z
825	0.2514079310210898	2.460813283920288	ba + he + ms + z
830	0.2514079310210898	2.480438709259033	ba + he + ms + z
835	0.2514079310210898	2.4968857765197754	ba + he + ms + z
840	0.2514079310210898	2.671610116958618	ba + he + ms + z
845	0.26125373829960774	2.5360782146453857	ba + he + ms + z
850	0.26125373829960774	2.5515382289886475	ba + he + ms + z
855	0.26125373829960774	2.4795148372650146	ba + he + ms + z
860	0.26125373829960774	2.588453531265259	ba + he + ms + z
865	0.26125373829960774	2.6243250370025635	ba + he + ms + z
870	0.266904882122189	2.6107168197631836	ba + he + ms + z
875	0.266904882122189	2.607991933822632	ba + he + ms + z
880	0.266904882122189	2.5384626388549805	ba + he + ms + z
885	0.266904882122189	2.5367636680603027	ba + he + ms + z
890	0.266904882122189	2.5896382331848145	ba + he + ms + z
895	0.27302209966209656	2.5908563137054443	ba + he + ms + z
900	0.27302209966209656	2.483814239501953	ba + he + ms + z
905	0.27302209966209656	2.558978319168091	ba + he + ms + z
910	0.27302209966209656	2.625969886779785	ba + he + ms + z
915	0.27302209966209656	2.5364770889282227	ba + he + ms + z
920	0.27302209966209656	2.5964179039001465	ba + he + ms + z
925	0.25399075620460637	2.6130001544952393	ba + he + ms + z
930	0.25399075620460637	2.610356092453003	ba + he + ms + z
935	0.25399075620460637	2.60738205909729	ba + he + ms + z
940	0.25399075620460637	2.636445999145508	ba + he + ms + z
945	0.25399075620460637	2.474822759628296	ba + he + ms + z
950	0.25399075620460637	2.521108627319336	ba + he + ms + z
955	0.2530586087699538	2.5893003940582275	ba + he + ms + z
960	0.2530586087699538	2.596245288848877	ba + he + ms + z
965	0.2530586087699538	2.5900864601135254	ba + he + ms + z
970	0.2530586087699538	2.601588249206543	ba + he + ms + z
975	0.2530586087699538	2.6187446117401123	ba + he + ms + z
980	0.2530586087699538	2.4992504119873047	ba + he + ms + z
985	0.2530586087699538	2.5138931274414062	ba + he + ms + z
990	0.26282673709558396	2.612227201461792	ba + he + ms + z
995	0.26282673709558396	2.615422010421753	ba + he + ms + z
1000	0.26282673709558396	2.6018450260162354	ba + he + ms + z
205	0.2288227754689867	21.61060643196106	ba + he + ms + pI + z
210	0.23062881112362604	21.63723659515381	ba + he + ms + pI + z
215	0.2311337243173962	21.458494663238525	ba + he + ms + pI + z
220	0.25439857070726685	21.259482622146606	ba + he + ms + pI + z
225	0.2542626325397134	21.485126733779907	ba + he + ms + pI + z
230	0.2542043733250476	21.06258487701416	ba + he + ms + pI + z
235	0.2542043733250476	21.350064039230347	ba + he + ms + pI + z
240	0.24884452557579523	21.183398485183716	ba + he + ms + pI + z
245	0.24917466112556802	21.102893829345703	ba + he + ms + pI + z
250	0.24898046374334873	21.21506118774414	ba + he + ms + pI + z
255	0.24808715578514	20.86116099357605	ba + he + ms + pI + z
260	0.21039344389637626	21.082249641418457	ba + he + ms + pI + z
265	0.20280032625160213	20.982909202575684	ba + he + ms + pI + z
270	0.23068707033829183	21.136021852493286	ba + he + ms + pI + z
275	0.2176175865149338	20.823798656463623	ba + he + ms + pI + z
280	0.22800714646366568	20.771080493927002	ba + he + ms + pI + z
285	0.230376354526741	21.119720697402954	ba + he + ms + pI + z
290	0.22631762923835785	20.78529930114746	ba + he + ms + pI + z
295	0.21484056394919795	21.34829354286194	ba + he + ms + pI + z
300	0.22528838311259564	20.993797063827515	ba + he + ms + pI + z
305	0.226278789761914	20.974550247192383	ba + he + ms + pI + z
310	0.19802307064900765	21.10852861404419	ba + he + ms + pI + z
315	0.25356352196372395	21.14313840866089	ba + he + ms + pI + z
320	0.2534081640579485	21.074262142181396	ba + he + ms + pI + z
325	0.22757991222278323	21.053553104400635	ba + he + ms + pI + z
330	0.2534275837961704	21.24114680290222	ba + he + ms + pI + z
335	0.2320658717520488	20.988928079605103	ba + he + ms + pI + z
340	0.22604575290325085	21.07461643218994	ba + he + ms + pI + z
345	0.22874509651609895	21.421619653701782	ba + he + ms + pI + z
350	0.23371654950091272	21.175530672073364	ba + he + ms + pI + z
355	0.2546898667805958	20.902072191238403	ba + he + ms + pI + z
360	0.25533071814191943	21.401684284210205	ba + he + ms + pI + z
365	0.250825338874432	21.233288526535034	ba + he + ms + pI + z
370	0.2343768206004583	21.07161593437195	ba + he + ms + pI + z
375	0.24061055656969743	21.10200309753418	ba + he + ms + pI + z
380	0.22866741756321124	21.320767402648926	ba + he + ms + pI + z
385	0.23227948887249	21.490957498550415	ba + he + ms + pI + z
390	0.22425913698683342	21.492900609970093	ba + he + ms + pI + z
395	0.25717559327300266	21.587899923324585	ba + he + ms + pI + z
400	0.2355225851555521	21.212459564208984	ba + he + ms + pI + z
405	0.26377830426845844	21.444584131240845	ba + he + ms + pI + z
410	0.25476754573348354	21.244715213775635	ba + he + ms + pI + z
415	0.2548452246863712	21.079400300979614	ba + he + ms + pI + z
420	0.2548452246863712	21.40385890007019	ba + he + ms + pI + z
425	0.22515244494504214	21.125296115875244	ba + he + ms + pI + z
430	0.22845380044277003	21.396483659744263	ba + he + ms + pI + z
435	0.23610517730220998	21.23538827896118	ba + he + ms + pI + z
440	0.2584961354720938	21.31463932991028	ba + he + ms + pI + z
445	0.2584961354720938	20.84063410758972	ba + he + ms + pI + z
450	0.23472637588845302	21.256093978881836	ba + he + ms + pI + z
455	0.22777410960500252	21.18849754333496	ba + he + ms + pI + z
460	0.22777410960500252	21.25485396385193	ba + he + ms + pI + z
465	0.2553889773565852	21.157919883728027	ba + he + ms + pI + z
470	0.23224064939604613	21.36635708808899	ba + he + ms + pI + z
475	0.23224064939604613	20.905367612838745	ba + he + ms + pI + z
480	0.24090185264302638	21.41579794883728	ba + he + ms + pI + z
485	0.2631957121218006	21.137406826019287	ba + he + ms + pI + z
490	0.2631957121218006	21.233781337738037	ba + he + ms + pI + z
495	0.25711733405833687	21.21638536453247	ba + he + ms + pI + z
500	0.25711733405833687	21.265429973602295	ba + he + ms + pI + z
505	0.24101837107235793	21.10965657234192	ba + he + ms + pI + z
510	0.24101837107235793	21.21937394142151	ba + he + ms + pI + z
515	0.2341632034800171	20.956617832183838	ba + he + ms + pI + z
520	0.27653707228026564	21.15160298347473	ba + he + ms + pI + z
525	0.27653707228026564	21.03534245491028	ba + he + ms + pI + z
530	0.2579329630636579	21.096235275268555	ba + he + ms + pI + z
535	0.2579329630636579	21.1162588596344	ba + he + ms + pI + z
540	0.23594981939643453	21.451847791671753	ba + he + ms + pI + z
545	0.23594981939643453	21.359954357147217	ba + he + ms + pI + z
550	0.27853730531712434	20.93684148788452	ba + he + ms + pI + z
555	0.27853730531712434	21.018600940704346	ba + he + ms + pI + z
560	0.27853730531712434	21.10413908958435	ba + he + ms + pI + z
565	0.26241892259292343	21.193208694458008	ba + he + ms + pI + z
570	0.26241892259292343	20.943644046783447	ba + he + ms + pI + z
575	0.2311337243173962	21.113691091537476	ba + he + ms + pI + z
580	0.2311337243173962	21.330403804779053	ba + he + ms + pI + z
585	0.2594282829067464	21.07064461708069	ba + he + ms + pI + z
590	0.2594282829067464	20.879493951797485	ba + he + ms + pI + z
595	0.2594282829067464	21.455649852752686	ba + he + ms + pI + z
600	0.26146735542004895	21.134738206863403	ba + he + ms + pI + z
605	0.26146735542004895	21.14633321762085	ba + he + ms + pI + z
610	0.2556220142152484	21.12311887741089	ba + he + ms + pI + z
615	0.2556220142152484	21.16688585281372	ba + he + ms + pI + z
620	0.2556220142152484	21.08044981956482	ba + he + ms + pI + z
625	0.2347069561502311	21.34509539604187	ba + he + ms + pI + z
630	0.2347069561502311	21.22742795944214	ba + he + ms + pI + z
635	0.2347069561502311	21.208827018737793	ba + he + ms + pI + z
640	0.2506505612304346	21.20183753967285	ba + he + ms + pI + z
645	0.2506505612304346	21.199747323989868	ba + he + ms + pI + z
650	0.27005087971414143	20.93477773666382	ba + he + ms + pI + z
655	0.27005087971414143	21.152048110961914	ba + he + ms + pI + z
660	0.27005087971414143	21.397528886795044	ba + he + ms + pI + z
665	0.2752359498193964	21.31538438796997	ba + he + ms + pI + z
670	0.2752359498193964	21.3326575756073	ba + he + ms + pI + z
675	0.2752359498193964	21.326517343521118	ba + he + ms + pI + z
680	0.2752359498193964	21.64594793319702	ba + he + ms + pI + z
685	0.2752359498193964	21.25782871246338	ba + he + ms + pI + z
690	0.2752359498193964	21.368889093399048	ba + he + ms + pI + z
695	0.2752359498193964	21.56680679321289	ba + he + ms + pI + z
700	0.27255602594477024	21.455740213394165	ba + he + ms + pI + z
705	0.27255602594477024	21.428104400634766	ba + he + ms + pI + z
710	0.27255602594477024	21.51536273956299	ba + he + ms + pI + z
715	0.27302209966209656	21.644396781921387	ba + he + ms + pI + z
720	0.27302209966209656	21.658763885498047	ba + he + ms + pI + z
725	0.27302209966209656	21.519578218460083	ba + he + ms + pI + z
730	0.27302209966209656	21.53502631187439	ba + he + ms + pI + z
735	0.25913698683341746	21.419883966445923	ba + he + ms + pI + z
740	0.25913698683341746	21.193113088607788	ba + he + ms + pI + z
745	0.25913698683341746	21.535330057144165	ba + he + ms + pI + z
750	0.25913698683341746	21.39356517791748	ba + he + ms + pI + z
755	0.2639336621742339	21.456843376159668	ba + he + ms + pI + z
760	0.2639336621742339	20.92842936515808	ba + he + ms + pI + z
765	0.2639336621742339	21.412137746810913	ba + he + ms + pI + z
770	0.2639336621742339	21.675281286239624	ba + he + ms + pI + z
775	0.26408902008000934	21.004082441329956	ba + he + ms + pI + z
780	0.26408902008000934	21.213564157485962	ba + he + ms + pI + z
785	0.26408902008000934	21.207433223724365	ba + he + ms + pI + z
790	0.26408902008000934	21.06880521774292	ba + he + ms + pI + z
795	0.27177923641589313	20.622352361679077	ba + he + ms + pI + z
800	0.27177923641589313	20.720826625823975	ba + he + ms + pI + z
805	0.27177923641589313	20.684149742126465	ba + he + ms + pI + z
810	0.27177923641589313	20.68185830116272	ba + he + ms + pI + z
815	0.27177923641589313	20.636282920837402	ba + he + ms + pI + z
820	0.23123082300850584	20.714816331863403	ba + he + ms + pI + z
825	0.23123082300850584	20.72731065750122	ba + he + ms + pI + z
830	0.23123082300850584	20.669703006744385	ba + he + ms + pI + z
835	0.23123082300850584	20.618428707122803	ba + he + ms + pI + z
840	0.23123082300850584	20.713658332824707	ba + he + ms + pI + z
845	0.26140909620538316	20.657352924346924	ba + he + ms + pI + z
850	0.26140909620538316	20.53652572631836	ba + he + ms + pI + z
855	0.26140909620538316	20.67741632461548	ba + he + ms + pI + z
860	0.26140909620538316	20.763824939727783	ba + he + ms + pI + z
865	0.26140909620538316	20.664352655410767	ba + he + ms + pI + z
870	0.27653707228026564	20.619733333587646	ba + he + ms + pI + z
875	0.27653707228026564	20.61241865158081	ba + he + ms + pI + z
880	0.27653707228026564	20.6162531375885	ba + he + ms + pI + z
885	0.27653707228026564	20.582332134246826	ba + he + ms + pI + z
890	0.27653707228026564	20.75067639350891	ba + he + ms + pI + z
895	0.27539130772517184	20.56598925590515	ba + he + ms + pI + z
900	0.27539130772517184	20.67586326599121	ba + he + ms + pI + z
905	0.27539130772517184	20.632364988327026	ba + he + ms + pI + z
910	0.27539130772517184	20.660820484161377	ba + he + ms + pI + z
915	0.27539130772517184	20.619735717773438	ba + he + ms + pI + z
920	0.27539130772517184	20.588395833969116	ba + he + ms + pI + z
925	0.2648852293471084	20.715480089187622	ba + he + ms + pI + z
930	0.2648852293471084	21.12841534614563	ba + he + ms + pI + z
935	0.2648852293471084	21.06753897666931	ba + he + ms + pI + z
940	0.2648852293471084	21.656659364700317	ba + he + ms + pI + z
945	0.2648852293471084	21.732971906661987	ba + he + ms + pI + z
950	0.2648852293471084	21.187458515167236	ba + he + ms + pI + z
955	0.2822270555792908	20.980663299560547	ba + he + ms + pI + z
960	0.2822270555792908	20.59850549697876	ba + he + ms + pI + z
965	0.2822270555792908	20.627714157104492	ba + he + ms + pI + z
970	0.2822270555792908	20.574181079864502	ba + he + ms + pI + z
975	0.2822270555792908	20.670456171035767	ba + he + ms + pI + z
980	0.2822270555792908	20.58406400680542	ba + he + ms + pI + z
985	0.2822270555792908	20.85849618911743	ba + he + ms + pI + z
990	0.26981784285547833	20.937888383865356	ba + he + ms + pI + z
995	0.26981784285547833	20.9327392578125	ba + he + ms + pI + z
1000	0.26981784285547833	20.965252161026	ba + he + ms + pI + z
