avg_cluster_size	purity	t	combo
5	0.6260341010603178	3.8533859252929688	ba + he + hy
10	0.5968268147745368	3.5425446033477783	ba + he + hy
15	0.5841263059773955	2.923255443572998	ba + he + hy
20	0.5789023963956966	2.1042444705963135	ba + he + hy
25	0.5738726841962171	2.4587502479553223	ba + he + hy
30	0.5728240183322328	1.9512677192687988	ba + he + hy
35	0.5693284654522857	2.0655574798583984	ba + he + hy
40	0.5690371693789568	1.877929925918579	ba + he + hy
45	0.5653085796403464	1.8399958610534668	ba + he + hy
50	0.5614828912106264	1.8916122913360596	ba + he + hy
55	0.5607837806346371	1.965663194656372	ba + he + hy
60	0.5596185963413213	1.7220206260681152	ba + he + hy
65	0.5576572027809065	1.924536943435669	ba + he + hy
70	0.5563560803200372	1.6610026359558105	ba + he + hy
75	0.5541033906862936	1.6866264343261719	ba + he + hy
80	0.5528216879636463	1.7527062892913818	ba + he + hy
85	0.5515788247174428	1.6257944107055664	ba + he + hy
90	0.549345554821921	1.711073637008667	ba + he + hy
95	0.5489959995339263	1.9858691692352295	ba + he + hy
100	0.5473647415232843	1.6015801429748535	ba + he + hy
105	0.5447819163397677	2.0757129192352295	ba + he + hy
110	0.5440828057637783	1.6466765403747559	ba + he + hy
115	0.5423932885384705	1.5819520950317383	ba + he + hy
120	0.5416941779624811	1.7824089527130127	ba + he + hy
125	0.5432477570202354	1.8667614459991455	ba + he + hy
130	0.5421019924651416	1.7094147205352783	ba + he + hy
135	0.5415970792713715	1.6319849491119385	ba + he + hy
140	0.5411115858158232	1.756709337234497	ba + he + hy
145	0.5401794383811707	1.9535307884216309	ba + he + hy
150	0.5396745251874004	1.6139178276062012	ba + he + hy
155	0.5393055501611839	1.7978808879852295	ba + he + hy
160	0.5388200567056356	1.8974025249481201	ba + he + hy
165	0.5292849652386686	1.6374623775482178	ba + he + hy
170	0.5287412125684546	1.6411664485931396	ba + he + hy
175	0.5287217928302327	1.8441414833068848	ba + he + hy
180	0.5277702256573581	1.6224617958068848	ba + he + hy
185	0.5277702256573581	1.6096186637878418	ba + he + hy
190	0.527265312463588	1.8290069103240967	ba + he + hy
195	0.5270711150813687	1.5774481296539307	ba + he + hy
5	0.6284421485998368	6.032880067825317	z
10	0.5993708004816095	4.285120964050293	z
15	0.5869033285431312	3.249643325805664	z
20	0.5811356662912184	3.090528726577759	z
25	0.577154619955723	2.621488571166992	z
30	0.5759117567095196	2.5639429092407227	z
35	0.571406377442032	2.2917704582214355	z
40	0.5713675379655883	2.3729333877563477	z
45	0.5693673049287296	2.012859344482422	z
50	0.567347652153649	2.0873804092407227	z
55	0.565405678331456	2.3944754600524902	z
60	0.5626092360274983	1.9178409576416016	z
65	0.5614052122577388	2.359769821166992	z
70	0.560259447702645	1.7580409049987793	z
75	0.5609973977550783	1.7802200317382812	z
80	0.5596185963413213	2.016683340072632	z
85	0.557812560686682	1.7658281326293945	z
90	0.5567444750844759	1.8673462867736816	z
95	0.556433759272925	1.7587790489196777	z
100	0.5560842039849303	1.761476993560791	z
105	0.5540257117334059	1.8707425594329834	z
110	0.5531324037751971	1.6941800117492676	z
115	0.5507826154503437	1.7615103721618652	z
120	0.5506660970210121	2.0921778678894043	z
125	0.5496562706334719	1.9792993068695068	z
130	0.5495591719423623	1.7143747806549072	z
135	0.5475589389055036	1.837287425994873	z
140	0.5520254786965472	1.967803955078125	z
145	0.5516370839321086	1.6565656661987305	z
150	0.5508797141414534	1.8176438808441162	z
155	0.5475977783819475	1.9063289165496826	z
160	0.5432283372820135	1.845733642578125	z
165	0.54359731230823	1.9388322830200195	z
170	0.5438109294286713	1.7267036437988281	z
175	0.5426069056589117	1.7667617797851562	z
180	0.5434807938788985	1.6367478370666504	z
185	0.5427234240882433	1.6622042655944824	z
190	0.5428982017322407	1.6615145206451416	z
195	0.5320814075426263	1.743004560470581	z
5	0.6302870237309202	27.926779985427856	pI + z
10	0.6008272808482542	24.185804843902588	pI + z
15	0.5893890550355381	23.423157930374146	pI + z
20	0.5817376781760982	23.5182044506073	pI + z
25	0.5778537305317124	22.61620831489563	pI + z
30	0.5750572882277547	22.775186777114868	pI + z
35	0.5722802656620188	22.78819704055786	pI + z
40	0.5709014642482619	22.8419291973114	pI + z
45	0.5679108245620849	22.969677925109863	pI + z
50	0.5634637045092632	22.73564839363098	pI + z
55	0.5622402610012817	22.337175130844116	pI + z
60	0.5620460636190624	22.149030447006226	pI + z
65	0.5617936070221773	22.498472213745117	pI + z
70	0.5612304346137414	22.37260103225708	pI + z
75	0.5602400279644231	22.389679193496704	pI + z
80	0.5598322134617625	21.998855352401733	pI + z
85	0.5596574358177652	22.626999616622925	pI + z
90	0.55890006602711	22.411742210388184	pI + z
95	0.5574630053986872	22.471156120300293	pI + z
100	0.5560842039849303	22.795270681381226	pI + z
105	0.5562784013671496	22.436537265777588	pI + z
110	0.5529187866547559	22.80335259437561	pI + z
115	0.5525692313667612	22.017309188842773	pI + z
120	0.5518701207907717	22.551544904708862	pI + z
125	0.5524721326756515	22.372316122055054	pI + z
130	0.5527634287489804	22.472415447235107	pI + z
135	0.5505301588534587	21.984966039657593	pI + z
140	0.5513069483823358	22.380930423736572	pI + z
145	0.5501029246125763	22.78616452217102	pI + z
150	0.5483357284343807	22.30994939804077	pI + z
155	0.5466656309472948	22.189924001693726	pI + z
160	0.5457529032508642	22.36523151397705	pI + z
165	0.546083038800637	22.013808965682983	pI + z
170	0.5458888414184176	22.09456968307495	pI + z
175	0.5460636190624151	21.811418294906616	pI + z
180	0.5429176214704626	22.057743549346924	pI + z
185	0.5426651648735775	22.072734355926514	pI + z
190	0.5419466345593661	21.901296615600586	pI + z
195	0.542509806967802	22.605210781097412	pI + z
5	0.6293548762962675	7.148991346359253	ms + z
10	0.5992542820522779	4.8955113887786865	ms + z
15	0.588612265506661	3.518392324447632	ms + z
20	0.5825144677049754	3.532698392868042	ms + z
25	0.5786111003223676	2.850856065750122	ms + z
30	0.5755816211597468	2.9774677753448486	ms + z
35	0.5723579446149066	2.646296977996826	ms + z
40	0.5720666485415776	2.890354871749878	ms + z
45	0.5685905153998524	2.512671709060669	ms + z
50	0.5656387151901192	2.419900894165039	ms + z
55	0.5632306676506	2.4138810634613037	ms + z
60	0.5617741872839555	2.259505271911621	ms + z
65	0.5596185963413213	2.4517550468444824	ms + z
70	0.5608808793257467	2.262510061264038	ms + z
75	0.5605895832524178	2.5101377964019775	ms + z
80	0.559171942362217	2.4302825927734375	ms + z
85	0.5579873383306793	2.4815938472747803	ms + z
90	0.5583951528333398	2.4572579860687256	ms + z
95	0.5563949197964811	2.3653085231781006	ms + z
100	0.5559288460791548	2.2936999797821045	ms + z
105	0.5559288460791548	2.389069080352783	ms + z
110	0.5515399852409989	2.6037116050720215	ms + z
115	0.5530158853458655	2.1237502098083496	ms + z
120	0.5535984774925234	2.5011627674102783	ms + z
125	0.5529576261311997	2.562546730041504	ms + z
130	0.5520060589583252	2.3954787254333496	ms + z
135	0.5506272575445683	2.3644471168518066	ms + z
140	0.5509962325707849	2.2507588863372803	ms + z
145	0.5512098496912262	2.134404182434082	ms + z
150	0.5494038140365868	2.0773603916168213	ms + z
155	0.5467238901619607	2.1273105144500732	ms + z
160	0.5447430768633239	2.398952007293701	ms + z
165	0.5453450887482036	2.3179750442504883	ms + z
170	0.5451314716277624	2.3031516075134277	ms + z
175	0.5457723229890861	2.3242359161376953	ms + z
180	0.5461801374917467	2.150056838989258	ms + z
185	0.5459665203713054	2.0851972103118896	ms + z
190	0.5459859401095273	2.1353485584259033	ms + z
195	0.5326445799510623	2.0704545974731445	ms + z
5	0.6294131355109334	8.579896450042725	ba + he + z
10	0.5992542820522779	5.1886351108551025	ba + he + z
15	0.588612265506661	4.346855640411377	ba + he + z
20	0.5827280848254166	4.07886004447937	ba + he + z
25	0.5775235949819396	3.3627195358276367	ba + he + z
30	0.5741834000077679	3.306884765625	ba + he + z
35	0.5710568221540374	3.2042739391326904	ba + he + z
40	0.5695809220491708	3.4250173568725586	ba + he + z
45	0.5678719850856411	3.139838218688965	ba + he + z
50	0.5666873810541034	3.324496269226074	ba + he + z
55	0.5641822348234746	2.8287665843963623	ba + he + z
60	0.5637550005825921	2.7792603969573975	ba + he + z
65	0.5627257544568299	2.7830371856689453	ba + he + z
70	0.5604536450848643	3.044410228729248	ba + he + z
75	0.5614052122577388	3.077591896057129	ba + he + z
80	0.5599487318910941	2.788222551345825	ba + he + z
85	0.5586087699537811	2.6427202224731445	ba + he + z
90	0.5577154619955723	2.915543794631958	ba + he + z
95	0.5573853264457995	2.8739547729492188	ba + he + z
100	0.555890006602711	2.9233734607696533	ba + he + z
105	0.5559288460791548	3.0164577960968018	ba + he + z
110	0.5542004893774032	2.7532594203948975	ba + he + z
115	0.5533654406338603	2.63912296295166	ba + he + z
120	0.5514428865498893	2.726877450942993	ba + he + z
125	0.5541228104245155	2.671260118484497	ba + he + z
130	0.5518895405289936	2.733562469482422	ba + he + z
135	0.5499087272303569	3.2547264099121094	ba + he + z
140	0.5523944537227639	2.651482343673706	ba + he + z
145	0.5533654406338603	2.97843861579895	ba + he + z
150	0.5524138734609857	2.541872978210449	ba + he + z
155	0.5476560375966132	2.6631884574890137	ba + he + z
160	0.5482192100050491	2.6348354816436768	ba + he + z
165	0.5482386297432711	2.624021053314209	ba + he + z
170	0.5455781256068668	2.879150629043579	ba + he + z
175	0.5459276808948615	2.6154160499572754	ba + he + z
180	0.5424321280149144	2.6971402168273926	ba + he + z
185	0.5415582397949276	2.821798801422119	ba + he + z
190	0.5420825727269196	2.719465970993042	ba + he + z
195	0.532159086495514	2.489769220352173	ba + he + z
5	0.6281702722647299	9.212844133377075	ba + he + hy + z
10	0.5990212451936148	6.191126108169556	ba + he + hy + z
15	0.5881850312657786	5.168904781341553	ba + he + hy + z
20	0.5821843321552026	4.744080305099487	ba + he + hy + z
25	0.5770575212646134	4.7372846603393555	ba + he + hy + z
30	0.5753291645628617	3.748556137084961	ba + he + hy + z
35	0.5715228958713636	3.8074352741241455	ba + he + hy + z
40	0.5700081562900532	3.476461172103882	ba + he + hy + z
45	0.5670951955567639	3.7543082237243652	ba + he + hy + z
50	0.5653474191167903	3.8541791439056396	ba + he + hy + z
55	0.5629976307919369	3.5539956092834473	ba + he + hy + z
60	0.5619489649279528	3.220780849456787	ba + he + hy + z
65	0.5614828912106264	3.5157413482666016	ba + he + hy + z
70	0.5598710529382064	3.201747417449951	ba + he + hy + z
75	0.5602011884879792	3.5034165382385254	ba + he + hy + z
80	0.5585310910008933	3.6052048206329346	ba + he + hy + z
85	0.5576766225191284	3.3199095726013184	ba + he + hy + z
90	0.557521264613353	3.53033185005188	ba + he + hy + z
95	0.5562201421524838	3.184617757797241	ba + he + hy + z
100	0.555890006602711	3.4730703830718994	ba + he + hy + z
105	0.5547830815240611	3.40437388420105	ba + he + hy + z
110	0.5535013788014137	3.380962371826172	ba + he + hy + z
115	0.5526857497960928	3.1300928592681885	ba + he + hy + z
120	0.5519089602672156	3.041053295135498	ba + he + hy + z
125	0.5516759234085524	3.446211099624634	ba + he + hy + z
130	0.5513457878587796	3.2771666049957275	ba + he + hy + z
135	0.5490348390103701	3.013519287109375	ba + he + hy + z
140	0.5502388627801297	3.52886962890625	ba + he + hy + z
145	0.5533071814191944	3.3264033794403076	ba + he + hy + z
150	0.5499281469685788	2.948342800140381	ba + he + hy + z
155	0.5490154192721483	3.274893283843994	ba + he + hy + z
160	0.5479084941934983	3.404684543609619	ba + he + hy + z
165	0.5456558045597545	3.0250988006591797	ba + he + hy + z
170	0.5459665203713054	3.0586328506469727	ba + he + hy + z
175	0.5440828057637783	3.2625012397766113	ba + he + hy + z
180	0.54359731230823	3.315840482711792	ba + he + hy + z
185	0.5434419544024547	3.0128679275512695	ba + he + hy + z
190	0.5405484134073872	3.2027435302734375	ba + he + hy + z
195	0.5319648891132948	2.9975390434265137	ba + he + hy + z
5	0.629510234202043	6.881767988204956	ba + he + hy + ms
10	0.59867168990562	4.597489833831787	ba + he + hy + ms
15	0.5873888219986795	3.987436056137085	ba + he + hy + ms
20	0.5810968268147746	3.7712297439575195	ba + he + hy + ms
25	0.5784169029401484	2.9456052780151367	ba + he + hy + ms
30	0.5749213500602012	2.8378748893737793	ba + he + hy + ms
35	0.57249388278246	2.799252510070801	ba + he + hy + ms
40	0.5710374024158155	2.6858150959014893	ba + he + hy + ms
45	0.5684739969705208	2.8226187229156494	ba + he + hy + ms
50	0.5660659494310016	2.959815740585327	ba + he + hy + ms
55	0.5631335689594904	2.4166927337646484	ba + he + hy + ms
60	0.5615799899017361	2.5553619861602783	ba + he + hy + ms
65	0.5593273002679924	2.5201568603515625	ba + he + hy + ms
70	0.5576377830426846	2.5468220710754395	ba + he + hy + ms
75	0.5573853264457995	2.570812702178955	ba + he + hy + ms
80	0.5569969316813609	2.7355265617370605	ba + he + hy + ms
85	0.5543170078067348	2.364651918411255	ba + he + hy + ms
90	0.5535013788014137	2.506787061691284	ba + he + hy + ms
95	0.5517341826232183	2.2250943183898926	ba + he + hy + ms
100	0.5497339495863596	2.2773454189300537	ba + he + hy + ms
105	0.5494426535130307	2.393162727355957	ba + he + hy + ms
110	0.5489571600574824	2.376899242401123	ba + he + hy + ms
115	0.5492290363925895	2.051382541656494	ba + he + hy + ms
120	0.5478890744552763	2.0539939403533936	ba + he + hy + ms
125	0.5465491125179632	2.0636160373687744	ba + he + hy + ms
130	0.5475589389055036	2.0134787559509277	ba + he + hy + ms
135	0.5461024585388589	2.1026840209960938	ba + he + hy + ms
140	0.5436749912611178	2.141601085662842	ba + he + hy + ms
145	0.5433642754495669	2.146543502807617	ba + he + hy + ms
150	0.542529226706024	2.4157934188842773	ba + he + hy + ms
155	0.5403736357633899	2.3554489612579346	ba + he + hy + ms
160	0.5402182778576144	2.2460882663726807	ba + he + hy + ms
165	0.5413057831980425	2.0290002822875977	ba + he + hy + ms
170	0.5418883753447004	2.2086682319641113	ba + he + hy + ms
175	0.5420825727269196	2.165848731994629	ba + he + hy + ms
180	0.5379850079620927	2.4141502380371094	ba + he + hy + ms
185	0.5379073290092049	2.324509859085083	ba + he + hy + ms
190	0.5383928224647532	2.0632829666137695	ba + he + hy + ms
195	0.5376742921505419	2.0496878623962402	ba + he + hy + ms
5	0.6291606789140483	10.161757946014404	ba + he + ms + z
10	0.5998757136753796	6.431795358657837	ba + he + ms + z
15	0.5895249932030916	4.97577428817749	ba + he + ms + z
20	0.5828251835165262	4.6916115283966064	ba + he + ms + z
25	0.5784557424165923	4.103826999664307	ba + he + ms + z
30	0.5762224725210704	4.14959192276001	ba + he + ms + z
35	0.5727657591175671	3.8684122562408447	ba + he + ms + z
40	0.5721637472326873	3.9659245014190674	ba + he + ms + z
45	0.5694061444051735	4.015459060668945	ba + he + ms + z
50	0.5667844797452131	3.6455116271972656	ba + he + ms + z
55	0.5633860255563755	3.7500078678131104	ba + he + ms + z
60	0.565153221734571	3.8556997776031494	ba + he + ms + z
65	0.5628616926243835	3.3550519943237305	ba + he + ms + z
70	0.5617159280692896	3.7550721168518066	ba + he + ms + z
75	0.5614052122577388	3.7372615337371826	ba + he + ms + z
80	0.5603371266555327	3.247600793838501	ba + he + ms + z
85	0.5582592146657863	3.2185728549957275	ba + he + ms + z
90	0.5582980541422302	3.2452664375305176	ba + he + ms + z
95	0.556705635608032	3.1499972343444824	ba + he + ms + z
100	0.5572105488018021	3.15168833732605	ba + he + ms + z
105	0.5557929079116013	3.894090414047241	ba + he + ms + z
110	0.556161882937818	3.143075466156006	ba + he + ms + z
115	0.5527828484872024	3.27846360206604	ba + he + ms + z
120	0.5552685749796092	3.172416925430298	ba + he + ms + z
125	0.5545888841418418	3.1608798503875732	ba + he + ms + z
130	0.55396745251874	3.288818120956421	ba + he + ms + z
135	0.5530158853458655	2.982856035232544	ba + he + ms + z
140	0.5524332931992076	3.1229565143585205	ba + he + ms + z
145	0.549598011418806	3.0948307514190674	ba + he + ms + z
150	0.5512098496912262	3.024771213531494	ba + he + ms + z
155	0.5473453217850623	3.081970691680908	ba + he + ms + z
160	0.5484328271254904	3.079653024673462	ba + he + ms + z
165	0.5487823824134851	3.0620338916778564	ba + he + ms + z
170	0.5484328271254904	3.240438938140869	ba + he + ms + z
175	0.5468404085912922	3.2257158756256104	ba + he + ms + z
180	0.5465685322561852	2.965057373046875	ba + he + ms + z
185	0.5463160756593001	3.2708191871643066	ba + he + ms + z
190	0.5406066726220531	3.340754985809326	ba + he + ms + z
195	0.5322561851866237	3.27968430519104	ba + he + ms + z
5	0.6296850118460403	30.188482522964478	ba + he + ms + pI + z
10	0.5993708004816095	27.448625326156616	ba + he + ms + pI + z
15	0.5905348195906319	26.053532361984253	ba + he + ms + pI + z
20	0.5836602322600691	26.430286169052124	ba + he + ms + pI + z
25	0.5777177923641589	26.10288143157959	ba + he + ms + pI + z
30	0.5755622014215248	25.20927858352661	ba + he + ms + pI + z
35	0.5724550433060163	24.10434651374817	ba + he + ms + pI + z
40	0.5707655260807084	24.405726194381714	ba + he + ms + pI + z
45	0.5689594904260691	23.82679796218872	ba + he + ms + pI + z
50	0.5666097021012156	24.365087270736694	ba + he + ms + pI + z
55	0.5626674952421641	24.903504371643066	ba + he + ms + pI + z
60	0.5630364702683808	24.349791765213013	ba + he + ms + pI + z
65	0.5618712859750651	24.823657035827637	ba + he + ms + pI + z
70	0.5619683846661747	23.789971828460693	ba + he + ms + pI + z
75	0.5603953858701984	24.142274379730225	ba + he + ms + pI + z
80	0.55890006602711	23.785200595855713	ba + he + ms + pI + z
85	0.5584339923097836	24.25800848007202	ba + he + ms + pI + z
90	0.5574824251369092	24.042391538619995	ba + he + ms + pI + z
95	0.5570746106342487	24.15936303138733	ba + he + ms + pI + z
100	0.5573076474929118	23.826849937438965	ba + he + ms + pI + z
105	0.5566085369169224	23.17622137069702	ba + he + ms + pI + z
110	0.553986872256962	24.597596168518066	ba + he + ms + pI + z
115	0.5528411077018682	23.696144580841064	ba + he + ms + pI + z
120	0.5524332931992076	23.836040019989014	ba + he + ms + pI + z
125	0.55235561424632	24.158634901046753	ba + he + ms + pI + z
130	0.550724356235678	23.8877170085907	ba + he + ms + pI + z
135	0.5502582825183516	23.907442092895508	ba + he + ms + pI + z
140	0.549617431157028	23.096771240234375	ba + he + ms + pI + z
145	0.5494232337748087	23.870128870010376	ba + he + ms + pI + z
150	0.549889307492135	24.013256549835205	ba + he + ms + pI + z
155	0.5462383967064124	23.83652949333191	ba + he + ms + pI + z
160	0.5452285703188721	23.224637985229492	ba + he + ms + pI + z
165	0.5441993241931099	24.514480352401733	ba + he + ms + pI + z
170	0.5440828057637783	23.529002904891968	ba + he + ms + pI + z
175	0.5441993241931099	24.480642080307007	ba + he + ms + pI + z
180	0.5410921660776012	24.04076313972473	ba + he + ms + pI + z
185	0.5406455120984969	23.512211322784424	ba + he + ms + pI + z
190	0.5394803278051812	23.577989101409912	ba + he + ms + pI + z
195	0.5421990911562512	23.88179087638855	ba + he + ms + pI + z
205	0.5248961044005127	1.4956703186035156	ba + he + hy
210	0.5235173029867557	1.4163181781768799	ba + he + hy
215	0.5240804753951916	1.3903932571411133	ba + he + hy
220	0.5220219831436672	1.485954761505127	ba + he + hy
225	0.5222938594787743	1.5978538990020752	ba + he + hy
230	0.5224686371227716	1.7097852230072021	ba + he + hy
235	0.5227405134578786	1.4567420482635498	ba + he + hy
240	0.5178855789023964	1.5031187534332275	ba + he + hy
245	0.5176525420437332	1.4838335514068604	ba + he + hy
250	0.5164485182739736	1.6302015781402588	ba + he + hy
255	0.5183516526197227	1.4430673122406006	ba + he + hy
260	0.5248572649240688	1.4550771713256836	ba + he + hy
265	0.5175748630908455	1.4553298950195312	ba + he + hy
270	0.5289936691653396	1.4696097373962402	ba + he + hy
275	0.5289548296888958	1.4288039207458496	ba + he + hy
280	0.5233425253427584	1.4282679557800293	ba + he + hy
285	0.5173029867557385	1.4417128562927246	ba + he + hy
290	0.5135938167553501	1.676147699356079	ba + he + hy
295	0.5202936264419156	1.4325199127197266	ba + he + hy
300	0.5056899832990251	1.5371978282928467	ba + he + hy
305	0.5166038761797491	1.4468286037445068	ba + he + hy
310	0.5182545539286131	1.4356603622436523	ba + he + hy
315	0.5166232959179711	1.4372048377990723	ba + he + hy
320	0.512525731153144	1.4380662441253662	ba + he + hy
325	0.512545150891366	1.4399726390838623	ba + he + hy
330	0.5124868916767003	1.4648139476776123	ba + he + hy
335	0.5144094457606712	1.4601686000823975	ba + he + hy
340	0.5182545539286131	1.46059250831604	ba + he + hy
345	0.5203713053948033	1.4455130100250244	ba + he + hy
350	0.5101953625665127	1.4149580001831055	ba + he + hy
355	0.5111275100011652	1.4146981239318848	ba + he + hy
360	0.5144094457606712	1.4099290370941162	ba + he + hy
365	0.5091078572260845	1.4374630451202393	ba + he + hy
370	0.5066221307336777	1.6202113628387451	ba + he + hy
375	0.5073018215714452	1.4078302383422852	ba + he + hy
380	0.5046801569114848	1.4414730072021484	ba + he + hy
385	0.5173029867557385	1.467944622039795	ba + he + hy
390	0.5077484755505496	1.4714131355285645	ba + he + hy
395	0.5123509535091467	1.5058605670928955	ba + he + hy
400	0.5111080902629432	1.530778169631958	ba + he + hy
405	0.5148560997397755	1.469285011291504	ba + he + hy
410	0.5164679380121956	1.391956090927124	ba + he + hy
415	0.503262516021284	1.3951292037963867	ba + he + hy
420	0.503262516021284	1.4644203186035156	ba + he + hy
425	0.5086029440323144	1.450230360031128	ba + he + hy
430	0.5145842234046685	1.4216551780700684	ba + he + hy
435	0.5083699071736513	1.3973515033721924	ba + he + hy
440	0.5065638715190119	1.3993799686431885	ba + he + hy
445	0.5065638715190119	1.4140729904174805	ba + he + hy
450	0.49963102497378337	1.6277449131011963	ba + he + hy
455	0.5122150153415932	1.4081873893737793	ba + he + hy
460	0.5122150153415932	1.4300143718719482	ba + he + hy
465	0.5091466967025284	1.4958791732788086	ba + he + hy
470	0.5063114149221268	1.6517972946166992	ba + he + hy
475	0.5063114149221268	1.4562699794769287	ba + he + hy
480	0.5009515671728745	1.472569465637207	ba + he + hy
485	0.5050879714141453	1.4374463558197021	ba + he + hy
490	0.5050879714141453	1.4222631454467773	ba + he + hy
495	0.505981279372354	1.532439947128296	ba + he + hy
500	0.505981279372354	1.3649249076843262	ba + he + hy
505	0.5063308346603488	1.3729112148284912	ba + he + hy
510	0.5063308346603488	1.37083101272583	ba + he + hy
515	0.5095739309434109	1.4543373584747314	ba + he + hy
520	0.5024468870159631	1.4486885070800781	ba + he + hy
525	0.5024468870159631	1.484720230102539	ba + he + hy
530	0.5099817454460713	1.3690683841705322	ba + he + hy
535	0.5099817454460713	1.3679535388946533	ba + he + hy
540	0.5048549345554821	1.3759591579437256	ba + he + hy
545	0.5048549345554821	1.4376111030578613	ba + he + hy
550	0.5031848370683963	1.4370136260986328	ba + he + hy
555	0.5031848370683963	1.4013054370880127	ba + he + hy
560	0.5031848370683963	1.3860769271850586	ba + he + hy
565	0.5067774886394532	1.4179661273956299	ba + he + hy
570	0.5067774886394532	1.4017391204833984	ba + he + hy
575	0.5045636384821532	1.434450387954712	ba + he + hy
580	0.5045636384821532	1.488931655883789	ba + he + hy
585	0.5045830582203752	1.368546485900879	ba + he + hy
590	0.5045830582203752	1.3690016269683838	ba + he + hy
595	0.5045830582203752	1.3869426250457764	ba + he + hy
600	0.5066609702101216	1.5992512702941895	ba + he + hy
605	0.5066609702101216	1.361722707748413	ba + he + hy
610	0.49881539596846236	1.3721559047698975	ba + he + hy
615	0.49881539596846236	1.3654992580413818	ba + he + hy
620	0.49881539596846236	1.372223138809204	ba + he + hy
625	0.5026022449217384	1.3578295707702637	ba + he + hy
630	0.5026022449217384	1.3740880489349365	ba + he + hy
635	0.5026022449217384	1.3691470623016357	ba + he + hy
640	0.5018448751310832	1.3799211978912354	ba + he + hy
645	0.5018448751310832	1.380617380142212	ba + he + hy
650	0.49153299413523904	1.3747220039367676	ba + he + hy
655	0.49153299413523904	1.3747377395629883	ba + he + hy
660	0.49153299413523904	1.37441086769104	ba + he + hy
665	0.5013593816755351	1.372054100036621	ba + he + hy
670	0.5013593816755351	1.3671090602874756	ba + he + hy
675	0.5013593816755351	1.3801541328430176	ba + he + hy
680	0.5013593816755351	1.5206987857818604	ba + he + hy
685	0.5013593816755351	1.3610458374023438	ba + he + hy
690	0.5013593816755351	1.3661692142486572	ba + he + hy
695	0.5013593816755351	1.3909564018249512	ba + he + hy
700	0.5063114149221268	1.426358938217163	ba + he + hy
705	0.5063114149221268	1.370840072631836	ba + he + hy
710	0.5063114149221268	1.3571979999542236	ba + he + hy
715	0.4965627063347186	1.3720581531524658	ba + he + hy
720	0.4965627063347186	1.3821275234222412	ba + he + hy
725	0.4965627063347186	1.3711752891540527	ba + he + hy
730	0.4965627063347186	1.3663346767425537	ba + he + hy
735	0.4950479667534082	1.3627169132232666	ba + he + hy
740	0.4950479667534082	1.3597691059112549	ba + he + hy
745	0.4950479667534082	1.3715782165527344	ba + he + hy
750	0.4950479667534082	1.3614919185638428	ba + he + hy
755	0.48782382413485065	1.3635342121124268	ba + he + hy
760	0.48782382413485065	1.5413031578063965	ba + he + hy
765	0.48782382413485065	1.3588428497314453	ba + he + hy
770	0.48782382413485065	1.3960368633270264	ba + he + hy
775	0.47823047345321784	1.5820646286010742	ba + he + hy
780	0.47823047345321784	1.3480398654937744	ba + he + hy
785	0.47823047345321784	1.3648154735565186	ba + he + hy
790	0.47823047345321784	1.3904390335083008	ba + he + hy
795	0.4805996815162932	1.423853874206543	ba + he + hy
800	0.4805996815162932	1.436896562576294	ba + he + hy
805	0.4805996815162932	1.4677016735076904	ba + he + hy
810	0.4805996815162932	1.473785400390625	ba + he + hy
815	0.4805996815162932	1.4617671966552734	ba + he + hy
820	0.49702878005204487	1.4690239429473877	ba + he + hy
825	0.49702878005204487	1.4771723747253418	ba + he + hy
830	0.49702878005204487	1.4718754291534424	ba + he + hy
835	0.49702878005204487	1.4311182498931885	ba + he + hy
840	0.49702878005204487	1.354464054107666	ba + he + hy
845	0.48988231638637514	1.4654362201690674	ba + he + hy
850	0.48988231638637514	1.4623370170593262	ba + he + hy
855	0.48988231638637514	1.3581466674804688	ba + he + hy
860	0.48988231638637514	1.3485894203186035	ba + he + hy
865	0.48988231638637514	1.3539783954620361	ba + he + hy
870	0.48755194779974365	1.359917163848877	ba + he + hy
875	0.48755194779974365	1.3583219051361084	ba + he + hy
880	0.48755194779974365	1.3714873790740967	ba + he + hy
885	0.48755194779974365	1.3654189109802246	ba + he + hy
890	0.48755194779974365	1.3756694793701172	ba + he + hy
895	0.487726725443741	1.369476318359375	ba + he + hy
900	0.487726725443741	1.365595817565918	ba + he + hy
905	0.487726725443741	1.3588082790374756	ba + he + hy
910	0.487726725443741	1.3723487854003906	ba + he + hy
915	0.487726725443741	1.378087043762207	ba + he + hy
920	0.487726725443741	1.357276439666748	ba + he + hy
925	0.4864838621975376	1.357781171798706	ba + he + hy
930	0.4864838621975376	1.3719542026519775	ba + he + hy
935	0.4864838621975376	1.3683671951293945	ba + he + hy
940	0.4864838621975376	1.4271748065948486	ba + he + hy
945	0.4864838621975376	1.4251282215118408	ba + he + hy
950	0.4864838621975376	1.7213022708892822	ba + he + hy
955	0.483648580417136	1.551039457321167	ba + he + hy
960	0.483648580417136	1.3525993824005127	ba + he + hy
965	0.483648580417136	1.4471240043640137	ba + he + hy
970	0.483648580417136	1.4272727966308594	ba + he + hy
975	0.483648580417136	1.3896610736846924	ba + he + hy
980	0.483648580417136	1.3614516258239746	ba + he + hy
985	0.483648580417136	1.4374914169311523	ba + he + hy
990	0.4881927991610673	1.4421765804290771	ba + he + hy
995	0.4881927991610673	1.439746379852295	ba + he + hy
1000	0.4881927991610673	1.4758639335632324	ba + he + hy
205	0.5303336311026527	1.5733728408813477	z
210	0.52889657047423	1.4534950256347656	z
215	0.5304113100555404	1.4557921886444092	z
220	0.5299258165999923	1.4561235904693604	z
225	0.5307414456053132	1.4661486148834229	z
230	0.5271293742960345	1.456000804901123	z
235	0.5265079426729328	1.4973883628845215	z
240	0.5234007845574241	1.4630954265594482	z
245	0.5197692935099235	1.4379527568817139	z
250	0.5200217501068085	1.4388847351074219	z
255	0.5179438381170621	1.5084152221679688	z
260	0.5302947916262089	1.523848533630371	z
265	0.5230706490076513	1.5307652950286865	z
270	0.5340622208412631	1.440382719039917	z
275	0.5361983920456752	1.497298002243042	z
280	0.5255563755000583	1.454782485961914	z
285	0.5251291412591759	1.4025416374206543	z
290	0.5324503825688429	1.4137194156646729	z
295	0.5063114149221268	1.4082794189453125	z
300	0.5135161378024624	1.4279396533966064	z
305	0.5208762185885735	1.4288339614868164	z
310	0.5213422923058997	1.4715611934661865	z
315	0.5313822969666369	1.4801335334777832	z
320	0.5075542781683303	1.4186756610870361	z
325	0.5195750961277043	1.4123566150665283	z
330	0.5110498310482775	1.4223840236663818	z
335	0.5229347108400979	1.505802869796753	z
340	0.5182933934050569	1.4095888137817383	z
345	0.5190507631957121	1.4533178806304932	z
350	0.5085058453412048	1.4335050582885742	z
355	0.5100594243989591	1.4305813312530518	z
360	0.5284304967569037	1.4786739349365234	z
365	0.5135743970171283	1.663036584854126	z
370	0.5008933079582087	1.4014995098114014	z
375	0.5194974171748165	1.4308950901031494	z
380	0.492911795548996	1.466792106628418	z
385	0.5193420592690411	1.4669978618621826	z
390	0.4936109061249854	1.5168414115905762	z
395	0.5174777643997359	1.5143437385559082	z
400	0.5194197382219288	1.3913593292236328	z
405	0.5157688274362061	1.3824260234832764	z
410	0.4978832485338098	1.4691638946533203	z
415	0.5187983065988271	1.533431053161621	z
420	0.5187983065988271	1.3876094818115234	z
425	0.5170505301588535	1.394432783126831	z
430	0.5189730842428244	1.391430377960205	z
435	0.5128947061793607	1.399970531463623	z
440	0.5022526896337437	1.423452615737915	z
445	0.5022526896337437	1.4380578994750977	z
450	0.48828989785217697	1.4276597499847412	z
455	0.5158659261273159	1.4773180484771729	z
460	0.5158659261273159	1.3791773319244385	z
465	0.5118072008389327	1.384819746017456	z
470	0.5087583019380899	1.4019856452941895	z
475	0.5087583019380899	1.6055409908294678	z
480	0.5045442187439313	1.3784770965576172	z
485	0.5093020546083039	1.3809466361999512	z
490	0.5093020546083039	1.4202196598052979	z
495	0.5121761758651493	1.4468238353729248	z
500	0.5121761758651493	1.4580152034759521	z
505	0.5140793102108984	1.4947941303253174	z
510	0.5140793102108984	1.5012180805206299	z
515	0.5081368703149881	1.5166046619415283	z
520	0.5025051462306288	1.467543125152588	z
525	0.5025051462306288	1.3685579299926758	z
530	0.5077096360741057	1.3697247505187988	z
535	0.5077096360741057	1.4793877601623535	z
540	0.511438225812716	1.4798078536987305	z
545	0.511438225812716	1.3721411228179932	z
550	0.5083310676972075	1.3830153942108154	z
555	0.5083310676972075	1.4534850120544434	z
560	0.5083310676972075	1.484449863433838	z
565	0.5155940497922088	1.4780879020690918	z
570	0.5155940497922088	1.468111276626587	z
575	0.5078261545034373	1.560821533203125	z
580	0.5078261545034373	1.3688552379608154	z
585	0.5046801569114848	1.3774669170379639	z
590	0.5046801569114848	1.3868343830108643	z
595	0.5046801569114848	1.3792963027954102	z
600	0.5024663067541849	1.3913085460662842	z
605	0.5024663067541849	1.3976387977600098	z
610	0.4962908299996116	1.3905231952667236	z
615	0.4962908299996116	1.4085588455200195	z
620	0.4962908299996116	1.43467378616333	z
625	0.48922204528682955	1.4407517910003662	z
630	0.48922204528682955	1.482032060623169	z
635	0.48922204528682955	1.479623556137085	z
640	0.5093603138229696	1.3903071880340576	z
645	0.5093603138229696	1.3949165344238281	z
650	0.4927758573814425	1.3854765892028809	z
655	0.4927758573814425	1.3768105506896973	z
660	0.4927758573814425	1.384495735168457	z
665	0.4833961238202509	1.3740699291229248	z
670	0.4833961238202509	1.400663137435913	z
675	0.4833961238202509	1.4061198234558105	z
680	0.4833961238202509	1.515237808227539	z
685	0.4919796481143434	1.515977382659912	z
690	0.4919796481143434	1.3956587314605713	z
695	0.4919796481143434	1.3729157447814941	z
700	0.49295063502543984	1.3844950199127197	z
705	0.49295063502543984	1.4431219100952148	z
710	0.49295063502543984	1.5422956943511963	z
715	0.5074571794772207	1.3819143772125244	z
720	0.5074571794772207	1.3850791454315186	z
725	0.5074571794772207	1.4536478519439697	z
730	0.5074571794772207	1.4465930461883545	z
735	0.5069716860216724	1.4576382637023926	z
740	0.5069716860216724	1.5057094097137451	z
745	0.5069716860216724	1.4742450714111328	z
750	0.5069716860216724	1.4284226894378662	z
755	0.4732201809919602	1.3724761009216309	z
760	0.4732201809919602	1.3843445777893066	z
765	0.4732201809919602	1.3763997554779053	z
770	0.4732201809919602	1.3758111000061035	z
775	0.4776673010447819	1.3768274784088135	z
780	0.4776673010447819	1.3770709037780762	z
785	0.4776673010447819	1.3778150081634521	z
790	0.4776673010447819	1.3894479274749756	z
795	0.4850856410455587	1.3787226676940918	z
800	0.4850856410455587	1.3723595142364502	z
805	0.4850856410455587	1.36983323097229	z
810	0.4850856410455587	1.378899097442627	z
815	0.4850856410455587	1.382474660873413	z
820	0.48634792402998406	1.3825757503509521	z
825	0.48634792402998406	1.380448341369629	z
830	0.48634792402998406	1.3874473571777344	z
835	0.48634792402998406	1.4194560050964355	z
840	0.48634792402998406	1.4391112327575684	z
845	0.47242397172486117	1.4477839469909668	z
850	0.47242397172486117	1.461017370223999	z
855	0.47242397172486117	1.386016845703125	z
860	0.47242397172486117	1.4042234420776367	z
865	0.47242397172486117	1.6085150241851807	z
870	0.48405639491979646	1.3709173202514648	z
875	0.48405639491979646	1.3802499771118164	z
880	0.48405639491979646	1.4051058292388916	z
885	0.48405639491979646	1.4492099285125732	z
890	0.48405639491979646	1.473928451538086	z
895	0.49838816172757994	1.4066166877746582	z
900	0.49838816172757994	1.388227939605713	z
905	0.49838816172757994	1.4360551834106445	z
910	0.49838816172757994	1.4579792022705078	z
915	0.49838816172757994	1.4898180961608887	z
920	0.49838816172757994	1.5072569847106934	z
925	0.482832951411815	1.7452895641326904	z
930	0.482832951411815	1.3878512382507324	z
935	0.482832951411815	1.4351801872253418	z
940	0.482832951411815	1.4329280853271484	z
945	0.482832951411815	1.4940290451049805	z
950	0.482832951411815	1.4971084594726562	z
955	0.46910319648891136	1.520723819732666	z
960	0.46910319648891136	1.6810383796691895	z
965	0.46910319648891136	1.4359593391418457	z
970	0.46910319648891136	1.4382801055908203	z
975	0.46910319648891136	1.4459741115570068	z
980	0.46910319648891136	1.5122621059417725	z
985	0.46910319648891136	1.4908807277679443	z
990	0.4729483046568532	1.538940191268921	z
995	0.4729483046568532	1.5633354187011719	z
1000	0.4729483046568532	1.4753506183624268	z
205	0.5395580067580689	20.874140739440918	pI + z
210	0.5392278712082961	20.909337043762207	pI + z
215	0.5402959568105022	20.87212085723877	pI + z
220	0.5398687225696197	20.4337158203125	pI + z
225	0.5396551054491785	20.782008171081543	pI + z
230	0.5373829960772128	20.78141188621521	pI + z
235	0.5374995145065444	20.509231567382812	pI + z
240	0.5334213694799395	20.576821088790894	pI + z
245	0.5236338214160873	20.362257957458496	pI + z
250	0.5237503398454189	20.51096200942993	pI + z
255	0.524546549112518	20.39966082572937	pI + z
260	0.5340428011030411	20.44087791442871	pI + z
265	0.5259447702644968	20.531738758087158	pI + z
270	0.5318483706839632	20.65984058380127	pI + z
275	0.5368198236687769	20.80013871192932	pI + z
280	0.5301394337204335	20.96243166923523	pI + z
285	0.5249349438769565	20.58616852760315	pI + z
290	0.5374412552918787	20.34715723991394	pI + z
295	0.5306249271759816	20.647998094558716	pI + z
300	0.5191478618868217	20.419309616088867	pI + z
305	0.5251097215209539	20.30303192138672	pI + z
310	0.5205072435623568	20.807212352752686	pI + z
315	0.5324503825688429	20.292390823364258	pI + z
320	0.5182933934050569	20.054141998291016	pI + z
325	0.520720860682798	20.535655975341797	pI + z
330	0.5213422923058997	20.37604522705078	pI + z
335	0.5339068629354876	20.43533420562744	pI + z
340	0.5107196954985047	20.26753067970276	pI + z
345	0.5214976502116752	20.381657123565674	pI + z
350	0.5180797762846157	20.51419997215271	pI + z
355	0.5213034528294559	20.40839648246765	pI + z
360	0.5203713053948033	20.299500703811646	pI + z
365	0.5151279760748825	20.13002634048462	pI + z
370	0.5102730415194003	20.261969327926636	pI + z
375	0.5113799665980503	20.300670385360718	pI + z
380	0.5120402376975959	20.414392471313477	pI + z
385	0.518545850001942	20.647124528884888	pI + z
390	0.5047772556025945	20.237987995147705	pI + z
395	0.5297898784324387	20.12608313560486	pI + z
400	0.5124286324620344	20.357638597488403	pI + z
405	0.5157494076979843	20.5837242603302	pI + z
410	0.5150502971219948	20.528504848480225	pI + z
415	0.5191090224103779	20.744611024856567	pI + z
420	0.5191090224103779	20.281485319137573	pI + z
425	0.520720860682798	19.736369609832764	pI + z
430	0.5136714957082379	19.916776418685913	pI + z
435	0.5180215170699499	19.774859189987183	pI + z
440	0.5124286324620344	20.389689445495605	pI + z
445	0.5124286324620344	19.836935997009277	pI + z
450	0.5059424398959103	19.810664653778076	pI + z
455	0.5143511865460053	19.85036277770996	pI + z
460	0.5143511865460053	19.93655753135681	pI + z
465	0.5176331223055113	19.803648710250854	pI + z
470	0.5156717287450965	19.82331919670105	pI + z
475	0.5156717287450965	19.842738151550293	pI + z
480	0.4966792247640502	19.70997142791748	pI + z
485	0.5140210509962325	19.823766708374023	pI + z
490	0.5140210509962325	19.887001037597656	pI + z
495	0.5204878238241348	19.801607131958008	pI + z
500	0.5204878238241348	19.986402988433838	pI + z
505	0.51308890356158	20.550814867019653	pI + z
510	0.51308890356158	20.23953676223755	pI + z
515	0.5013205421990912	20.248563528060913	pI + z
520	0.5064085136132365	20.234390258789062	pI + z
525	0.5064085136132365	19.834618091583252	pI + z
530	0.514156989163786	19.8023624420166	pI + z
535	0.514156989163786	20.006377696990967	pI + z
540	0.5113799665980503	19.754363775253296	pI + z
545	0.5113799665980503	19.872474431991577	pI + z
550	0.5210704159707927	19.821547031402588	pI + z
555	0.5210704159707927	19.804699659347534	pI + z
560	0.5210704159707927	19.701505661010742	pI + z
565	0.5040004660737173	20.000458002090454	pI + z
570	0.5040004660737173	20.0532386302948	pI + z
575	0.5091466967025284	19.808595895767212	pI + z
580	0.5091466967025284	19.85249352455139	pI + z
585	0.5133801996349089	19.88918924331665	pI + z
590	0.5133801996349089	20.10049319267273	pI + z
595	0.5133801996349089	20.08782696723938	pI + z
600	0.5044665397910436	19.856571197509766	pI + z
605	0.5044665397910436	19.78756356239319	pI + z
610	0.5062143162310172	20.093082427978516	pI + z
615	0.5062143162310172	19.78561282157898	pI + z
620	0.5062143162310172	19.886849641799927	pI + z
625	0.5091272769643065	19.904179573059082	pI + z
630	0.5091272769643065	19.675662755966187	pI + z
635	0.5091272769643065	19.73558259010315	pI + z
640	0.5127199285353633	19.939475059509277	pI + z
645	0.5127199285353633	19.79944086074829	pI + z
650	0.49615489183205813	19.862889528274536	pI + z
655	0.49615489183205813	19.775580644607544	pI + z
660	0.49615489183205813	19.826301097869873	pI + z
665	0.5039616265972735	19.846422910690308	pI + z
670	0.5039616265972735	19.845134973526	pI + z
675	0.5039616265972735	19.799434900283813	pI + z
680	0.5039616265972735	19.78390860557556	pI + z
685	0.5047578358643725	19.821449518203735	pI + z
690	0.5047578358643725	19.753655672073364	pI + z
695	0.5047578358643725	19.785048961639404	pI + z
700	0.5022332698955219	20.411499500274658	pI + z
705	0.5022332698955219	19.780354261398315	pI + z
710	0.5022332698955219	19.754828453063965	pI + z
715	0.5148560997397755	19.71902871131897	pI + z
720	0.5148560997397755	19.969127655029297	pI + z
725	0.5148560997397755	19.90038514137268	pI + z
730	0.5148560997397755	19.878721475601196	pI + z
735	0.5029518002097332	19.797017097473145	pI + z
740	0.5029518002097332	19.999590635299683	pI + z
745	0.5029518002097332	19.813801527023315	pI + z
750	0.5029518002097332	20.00045347213745	pI + z
755	0.482017322406494	19.585487127304077	pI + z
760	0.482017322406494	20.501376628875732	pI + z
765	0.482017322406494	20.513139963150024	pI + z
770	0.482017322406494	20.759939670562744	pI + z
775	0.5053792674874743	20.813621759414673	pI + z
780	0.5053792674874743	21.289084434509277	pI + z
785	0.5053792674874743	20.814406156539917	pI + z
790	0.5053792674874743	20.78984022140503	pI + z
795	0.5012428632462035	20.597299575805664	pI + z
800	0.5012428632462035	20.205262660980225	pI + z
805	0.5012428632462035	20.4459011554718	pI + z
810	0.5012428632462035	20.360963344573975	pI + z
815	0.5012428632462035	20.372124671936035	pI + z
820	0.497009360313823	20.3947491645813	pI + z
825	0.497009360313823	20.265724658966064	pI + z
830	0.497009360313823	20.426478624343872	pI + z
835	0.497009360313823	20.510292053222656	pI + z
840	0.497009360313823	20.30015516281128	pI + z
845	0.4867557385326446	20.316014528274536	pI + z
850	0.4867557385326446	20.430452823638916	pI + z
855	0.4867557385326446	20.377702713012695	pI + z
860	0.4867557385326446	20.278849124908447	pI + z
865	0.4867557385326446	20.392906665802002	pI + z
870	0.4911057598943566	20.269909381866455	pI + z
875	0.4911057598943566	20.258481740951538	pI + z
880	0.4911057598943566	20.450640439987183	pI + z
885	0.4911057598943566	20.220207452774048	pI + z
890	0.4911057598943566	20.200268983840942	pI + z
895	0.5047772556025945	20.579994440078735	pI + z
900	0.5047772556025945	20.37983727455139	pI + z
905	0.5047772556025945	20.316960096359253	pI + z
910	0.5047772556025945	20.51044011116028	pI + z
915	0.5047772556025945	20.682438135147095	pI + z
920	0.5047772556025945	20.513460636138916	pI + z
925	0.4865032819357595	20.520885944366455	pI + z
930	0.4865032819357595	21.420210123062134	pI + z
935	0.4865032819357595	20.36853051185608	pI + z
940	0.4865032819357595	20.322262048721313	pI + z
945	0.4865032819357595	20.23377752304077	pI + z
950	0.4865032819357595	20.655823707580566	pI + z
955	0.4832601856526974	20.307167053222656	pI + z
960	0.4832601856526974	20.408817291259766	pI + z
965	0.4832601856526974	20.493753910064697	pI + z
970	0.4832601856526974	20.459149837493896	pI + z
975	0.4832601856526974	20.545668363571167	pI + z
980	0.4832601856526974	20.40597629547119	pI + z
985	0.4832601856526974	20.370195388793945	pI + z
990	0.49415465879519943	20.596229791641235	pI + z
995	0.49415465879519943	20.26045274734497	pI + z
1000	0.49415465879519943	20.100350856781006	pI + z
205	0.5309162232493106	2.149200201034546	ms + z
210	0.5308773837728668	1.815438985824585	ms + z
215	0.5306637666524255	1.8117990493774414	ms + z
220	0.5302753718879869	1.8571102619171143	ms + z
225	0.5282751388511283	1.8381450176239014	ms + z
230	0.526993436128481	1.807187557220459	ms + z
235	0.526721559793374	1.8148975372314453	ms + z
240	0.5228570318872101	1.8452444076538086	ms + z
245	0.5188565658134928	1.8795106410980225	ms + z
250	0.5175360236144017	2.129638671875	ms + z
255	0.5180603565463937	1.919543981552124	ms + z
260	0.5321396667572921	1.8128347396850586	ms + z
265	0.5204878238241348	1.8145778179168701	ms + z
270	0.534877849846584	1.8159422874450684	ms + z
275	0.5371111197421059	1.8173351287841797	ms + z
280	0.5296151007884413	1.8493773937225342	ms + z
285	0.5154192721482115	1.8446390628814697	ms + z
290	0.5298287179088826	1.851003885269165	ms + z
295	0.5189148250281587	1.917839765548706	ms + z
300	0.5173029867557385	1.9346013069152832	ms + z
305	0.5225463160756593	1.8093750476837158	ms + z
310	0.5211480949236804	1.808502197265625	ms + z
315	0.5302947916262089	1.8195641040802002	ms + z
320	0.5088748203674215	1.8334081172943115	ms + z
325	0.5214976502116752	1.8503758907318115	ms + z
330	0.5157882471744281	1.8408586978912354	ms + z
335	0.5230123897929856	1.7836511135101318	ms + z
340	0.5177108012583991	1.8019359111785889	ms + z
345	0.5182739736668349	1.7810006141662598	ms + z
350	0.509806967802074	1.8045644760131836	ms + z
355	0.5187400473841612	1.7947416305541992	ms + z
360	0.517438924923292	1.7843031883239746	ms + z
365	0.508738882199868	1.7890079021453857	ms + z
370	0.5012040237697596	1.802013874053955	ms + z
375	0.5160989629859789	1.7865352630615234	ms + z
380	0.5113217073833844	1.7943267822265625	ms + z
385	0.5195362566512604	1.7859365940093994	ms + z
390	0.49450421408319417	1.7913858890533447	ms + z
395	0.5186429486930516	1.8097853660583496	ms + z
400	0.5195750961277043	1.8037776947021484	ms + z
405	0.5112246086922748	1.7881906032562256	ms + z
410	0.504350021361712	1.7936124801635742	ms + z
415	0.5224686371227716	1.9141242504119873	ms + z
420	0.5224686371227716	1.7803754806518555	ms + z
425	0.5214782304734532	1.7796845436096191	ms + z
430	0.5203907251330252	1.7924530506134033	ms + z
435	0.50926321513186	1.9744293689727783	ms + z
440	0.5037674292150541	1.7709851264953613	ms + z
445	0.5037674292150541	1.7721502780914307	ms + z
450	0.49120285858546625	1.8553335666656494	ms + z
455	0.5155746300539868	1.8868536949157715	ms + z
460	0.5155746300539868	1.769716501235962	ms + z
465	0.5118266205771547	1.8009390830993652	ms + z
470	0.50765137685944	1.7774722576141357	ms + z
475	0.50765137685944	1.7712419033050537	ms + z
480	0.5090495980114188	1.7842249870300293	ms + z
485	0.5106808560220608	1.7746193408966064	ms + z
490	0.5106808560220608	1.7758097648620605	ms + z
495	0.5210509962325708	1.7813482284545898	ms + z
500	0.5210509962325708	1.7757601737976074	ms + z
505	0.5120208179593739	1.9618232250213623	ms + z
510	0.5120208179593739	1.7636220455169678	ms + z
515	0.504369441099934	1.7644901275634766	ms + z
520	0.49908727230356936	1.8506841659545898	ms + z
525	0.49908727230356936	1.772690773010254	ms + z
530	0.5106225968073951	1.7741897106170654	ms + z
535	0.5106225968073951	1.7785027027130127	ms + z
540	0.5124092127238125	1.9676845073699951	ms + z
545	0.5124092127238125	1.7695879936218262	ms + z
550	0.5083699071736513	1.7619478702545166	ms + z
555	0.5083699071736513	1.7729682922363281	ms + z
560	0.5083699071736513	1.805527925491333	ms + z
565	0.5064085136132365	1.7828059196472168	ms + z
570	0.5064085136132365	1.8014070987701416	ms + z
575	0.5088748203674215	1.9921681880950928	ms + z
580	0.5088748203674215	1.7529633045196533	ms + z
585	0.5057288227754689	1.7780873775482178	ms + z
590	0.5057288227754689	1.777766227722168	ms + z
595	0.5057288227754689	1.785104513168335	ms + z
600	0.5088554006291995	1.7971081733703613	ms + z
605	0.5088554006291995	1.8386425971984863	ms + z
610	0.5006214316231017	1.7668540477752686	ms + z
615	0.5006214316231017	1.7748126983642578	ms + z
620	0.5006214316231017	1.7567944526672363	ms + z
625	0.49256224026100126	1.9761462211608887	ms + z
630	0.49256224026100126	1.7544357776641846	ms + z
635	0.49256224026100126	1.764707326889038	ms + z
640	0.5079620926709908	1.787233591079712	ms + z
645	0.5079620926709908	1.8012495040893555	ms + z
650	0.4950479667534082	1.8553509712219238	ms + z
655	0.4950479667534082	1.89719820022583	ms + z
660	0.4950479667534082	1.7593352794647217	ms + z
665	0.4835320619878044	1.7534379959106445	ms + z
670	0.4835320619878044	1.7580671310424805	ms + z
675	0.4835320619878044	1.760042667388916	ms + z
680	0.4835320619878044	1.7993838787078857	ms + z
685	0.49157183361168294	1.777930498123169	ms + z
690	0.49157183361168294	1.9233274459838867	ms + z
695	0.49157183361168294	1.7459471225738525	ms + z
700	0.49881539596846236	1.7514214515686035	ms + z
705	0.49881539596846236	1.762937068939209	ms + z
710	0.49881539596846236	1.7878928184509277	ms + z
715	0.5095156717287451	1.776238203048706	ms + z
720	0.5095156717287451	1.7366642951965332	ms + z
725	0.5095156717287451	1.7563176155090332	ms + z
730	0.5095156717287451	1.7588601112365723	ms + z
735	0.4905037480094768	1.7706317901611328	ms + z
740	0.4905037480094768	1.761993169784546	ms + z
745	0.4905037480094768	1.750347375869751	ms + z
750	0.4905037480094768	1.7872917652130127	ms + z
755	0.47133646638443316	1.766094446182251	ms + z
760	0.47133646638443316	1.7565734386444092	ms + z
765	0.47133646638443316	1.7675330638885498	ms + z
770	0.47133646638443316	1.9760446548461914	ms + z
775	0.4788519050763196	1.7670702934265137	ms + z
780	0.4788519050763196	1.7596774101257324	ms + z
785	0.4788519050763196	1.795436143875122	ms + z
790	0.4788519050763196	1.8020663261413574	ms + z
795	0.49768905115159046	1.8486032485961914	ms + z
800	0.49768905115159046	1.8766324520111084	ms + z
805	0.49768905115159046	1.754836082458496	ms + z
810	0.49768905115159046	1.7652244567871094	ms + z
815	0.49768905115159046	1.7664759159088135	ms + z
820	0.48976579795704356	1.766287088394165	ms + z
825	0.48976579795704356	1.7934043407440186	ms + z
830	0.48976579795704356	1.790642261505127	ms + z
835	0.48976579795704356	1.9485735893249512	ms + z
840	0.48976579795704356	1.7491397857666016	ms + z
845	0.47065677554666563	1.743535041809082	ms + z
850	0.47065677554666563	1.7637560367584229	ms + z
855	0.47065677554666563	1.785965919494629	ms + z
860	0.47065677554666563	1.9644122123718262	ms + z
865	0.47065677554666563	1.751882553100586	ms + z
870	0.48471666601934205	1.767073392868042	ms + z
875	0.48471666601934205	1.8722636699676514	ms + z
880	0.48471666601934205	1.760261058807373	ms + z
885	0.48471666601934205	1.7695484161376953	ms + z
890	0.48471666601934205	1.7562613487243652	ms + z
895	0.5138268536140133	1.759538173675537	ms + z
900	0.5138268536140133	1.785804271697998	ms + z
905	0.5138268536140133	1.84242582321167	ms + z
910	0.5138268536140133	1.7550952434539795	ms + z
915	0.5138268536140133	1.7535595893859863	ms + z
920	0.5138268536140133	1.7758710384368896	ms + z
925	0.48502738183089295	1.864112377166748	ms + z
930	0.48502738183089295	1.750661849975586	ms + z
935	0.48502738183089295	1.7983379364013672	ms + z
940	0.48502738183089295	1.7695245742797852	ms + z
945	0.48502738183089295	1.8243765830993652	ms + z
950	0.48502738183089295	1.8480544090270996	ms + z
955	0.4746960810968268	1.8724699020385742	ms + z
960	0.4746960810968268	1.8473176956176758	ms + z
965	0.4746960810968268	1.7480103969573975	ms + z
970	0.4746960810968268	1.750551462173462	ms + z
975	0.4746960810968268	1.7513415813446045	ms + z
980	0.4746960810968268	1.76352858543396	ms + z
985	0.4746960810968268	1.7583072185516357	ms + z
990	0.4691420359653552	1.7579257488250732	ms + z
995	0.4691420359653552	1.7592380046844482	ms + z
1000	0.4691420359653552	1.7749743461608887	ms + z
205	0.5317318522546316	2.243696689605713	ba + he + z
210	0.5316930127781877	2.2244434356689453	ba + he + z
215	0.5427428438264652	2.209904432296753	ba + he + z
220	0.5411310055540451	2.218482494354248	ba + he + z
225	0.5411115858158232	2.2058017253875732	ba + he + z
230	0.5278673243484678	2.275087594985962	ba + he + z
235	0.5273235716782537	2.254450559616089	ba + he + z
240	0.5247019070182934	2.249082088470459	ba + he + z
245	0.5193226395308191	2.231158494949341	ba + he + z
250	0.5192061211014876	2.2876040935516357	ba + he + z
255	0.5178855789023964	2.28358793258667	ba + he + z
260	0.5262166465996039	2.474742889404297	ba + he + z
265	0.5264885229347108	2.2151761054992676	ba + he + z
270	0.5358099972812367	2.226905107498169	ba + he + z
275	0.5351497261816911	2.26314377784729	ba + he + z
280	0.5409562279100478	2.194082498550415	ba + he + z
285	0.5106031770691731	2.194455623626709	ba + he + z
290	0.5324115430923991	2.1904993057250977	ba + he + z
295	0.5174195051850701	2.2862493991851807	ba + he + z
300	0.5164679380121956	2.280827522277832	ba + he + z
305	0.5226822542432128	2.200685977935791	ba + he + z
310	0.522371538431662	2.395768642425537	ba + he + z
315	0.5350332077523595	2.165842294692993	ba + he + z
320	0.5122926942944809	2.1669318675994873	ba + he + z
325	0.5215753291645628	2.1923317909240723	ba + he + z
330	0.5147978405251097	2.1659610271453857	ba + he + z
335	0.5248184254476249	2.1785364151000977	ba + he + z
340	0.520448984347691	2.1535584926605225	ba + he + z
345	0.5220996620965549	2.173325538635254	ba + he + z
350	0.5102342020429564	2.1569128036499023	ba + he + z
355	0.5180409368081719	2.1632230281829834	ba + he + z
360	0.5195168369130384	2.1898040771484375	ba + he + z
365	0.5162543208917544	2.2849667072296143	ba + he + z
370	0.5041752437177147	2.2543230056762695	ba + he + z
375	0.5156717287450965	2.291376829147339	ba + he + z
380	0.5133219404202432	2.335200548171997	ba + he + z
385	0.5187788868606051	2.1398048400878906	ba + he + z
390	0.5153998524099895	2.133514642715454	ba + he + z
395	0.51963335534237	2.1436517238616943	ba + he + z
400	0.5167203946090807	2.150954484939575	ba + he + z
405	0.5145453839282247	2.162663698196411	ba + he + z
410	0.5006214316231017	2.1645164489746094	ba + he + z
415	0.5219443041907795	2.4163951873779297	ba + he + z
420	0.5219443041907795	2.143031120300293	ba + he + z
425	0.5188565658134928	2.1911652088165283	ba + he + z
430	0.5204684040859129	2.2414803504943848	ba + he + z
435	0.509826387540296	2.3134207725524902	ba + he + z
440	0.5056511438225813	2.40387225151062	ba + he + z
445	0.5056511438225813	2.130171537399292	ba + he + z
450	0.486095467433099	2.199326753616333	ba + he + z
455	0.5172641472792947	2.188717842102051	ba + he + z
460	0.5172641472792947	2.1548047065734863	ba + he + z
465	0.5146424826193343	2.144521474838257	ba + he + z
470	0.5134967180642405	2.1496312618255615	ba + he + z
475	0.5134967180642405	2.162043571472168	ba + he + z
480	0.5137880141375695	2.1812217235565186	ba + he + z
485	0.5134772983260185	2.415902614593506	ba + he + z
490	0.5134772983260185	2.141936779022217	ba + he + z
495	0.5185070105254981	2.178431749343872	ba + he + z
500	0.5185070105254981	2.209040403366089	ba + he + z
505	0.51580766691265	2.2634708881378174	ba + he + z
510	0.51580766691265	2.1545348167419434	ba + he + z
515	0.5051656503670331	2.282834053039551	ba + he + z
520	0.50543752670214	2.303819179534912	ba + he + z
525	0.50543752670214	2.1459615230560303	ba + he + z
530	0.5079232531945469	2.134037971496582	ba + he + z
535	0.5079232531945469	2.3345253467559814	ba + he + z
540	0.5112634481687187	2.2904982566833496	ba + he + z
545	0.5112634481687187	2.3484995365142822	ba + he + z
550	0.5097292888491863	2.1330223083496094	ba + he + z
555	0.5097292888491863	2.1631920337677	ba + he + z
560	0.5097292888491863	2.1586360931396484	ba + he + z
565	0.5009127276964307	2.141572952270508	ba + he + z
570	0.5009127276964307	2.2873282432556152	ba + he + z
575	0.509826387540296	2.1102733612060547	ba + he + z
580	0.509826387540296	2.1259565353393555	ba + he + z
585	0.5088359808909776	2.1169378757476807	ba + he + z
590	0.5088359808909776	2.1206307411193848	ba + he + z
595	0.5088359808909776	2.118875026702881	ba + he + z
600	0.5028547015186235	2.12025785446167	ba + he + z
605	0.5028547015186235	2.119352102279663	ba + he + z
610	0.49875713675379657	2.117551326751709	ba + he + z
615	0.49875713675379657	2.1252896785736084	ba + he + z
620	0.49875713675379657	2.1961326599121094	ba + he + z
625	0.5013982211519789	2.151094675064087	ba + he + z
630	0.5013982211519789	2.138843059539795	ba + he + z
635	0.5013982211519789	2.1227974891662598	ba + he + z
640	0.5069328465452285	2.13197660446167	ba + he + z
645	0.5069328465452285	2.1197493076324463	ba + he + z
650	0.5009904066493184	2.140960693359375	ba + he + z
655	0.5009904066493184	2.1296279430389404	ba + he + z
660	0.5009904066493184	2.123049259185791	ba + he + z
665	0.485279838427778	2.1232810020446777	ba + he + z
670	0.485279838427778	2.157628059387207	ba + he + z
675	0.485279838427778	2.1753361225128174	ba + he + z
680	0.485279838427778	2.1417176723480225	ba + he + z
685	0.5019419738221929	2.2051243782043457	ba + he + z
690	0.5019419738221929	2.2237884998321533	ba + he + z
695	0.5019419738221929	2.2019455432891846	ba + he + z
700	0.49141647570590746	2.1240124702453613	ba + he + z
705	0.49141647570590746	2.21130108833313	ba + he + z
710	0.49141647570590746	2.1876065731048584	ba + he + z
715	0.5087971414145337	2.215336799621582	ba + he + z
720	0.5087971414145337	2.12076473236084	ba + he + z
725	0.5087971414145337	2.167466163635254	ba + he + z
730	0.5087971414145337	2.2354440689086914	ba + he + z
735	0.5009709869110964	2.2237770557403564	ba + he + z
740	0.5009709869110964	2.2292323112487793	ba + he + z
745	0.5009709869110964	2.2142317295074463	ba + he + z
750	0.5009709869110964	2.211808681488037	ba + he + z
755	0.48193964345360624	2.10714054107666	ba + he + z
760	0.48193964345360624	2.1173348426818848	ba + he + z
765	0.48193964345360624	2.1016180515289307	ba + he + z
770	0.48193964345360624	2.1455166339874268	ba + he + z
775	0.49813570513069483	2.1203343868255615	ba + he + z
780	0.49813570513069483	2.1657755374908447	ba + he + z
785	0.49813570513069483	2.228722333908081	ba + he + z
790	0.49813570513069483	2.315020799636841	ba + he + z
795	0.495902435235173	2.11972975730896	ba + he + z
800	0.495902435235173	2.108877182006836	ba + he + z
805	0.495902435235173	2.131369113922119	ba + he + z
810	0.495902435235173	2.136000156402588	ba + he + z
815	0.495902435235173	2.166917085647583	ba + he + z
820	0.4859789490037674	2.2412538528442383	ba + he + z
825	0.4859789490037674	2.2134485244750977	ba + he + z
830	0.4859789490037674	2.101590633392334	ba + he + z
835	0.4859789490037674	2.1032090187072754	ba + he + z
840	0.4859789490037674	2.110966444015503	ba + he + z
845	0.49347496795743195	2.2110602855682373	ba + he + z
850	0.49347496795743195	2.218096971511841	ba + he + z
855	0.49347496795743195	2.1661572456359863	ba + he + z
860	0.49347496795743195	2.110905647277832	ba + he + z
865	0.49347496795743195	2.1604244709014893	ba + he + z
870	0.4872994912028586	2.2443249225616455	ba + he + z
875	0.4872994912028586	2.316002130508423	ba + he + z
880	0.4872994912028586	2.1146390438079834	ba + he + z
885	0.4872994912028586	2.152765989303589	ba + he + z
890	0.4872994912028586	2.1671409606933594	ba + he + z
895	0.5091661164407504	2.1430952548980713	ba + he + z
900	0.5091661164407504	2.269228219985962	ba + he + z
905	0.5091661164407504	2.126297950744629	ba + he + z
910	0.5091661164407504	2.1933624744415283	ba + he + z
915	0.5091661164407504	2.1243388652801514	ba + he + z
920	0.5091661164407504	2.1257002353668213	ba + he + z
925	0.48100749601895365	2.13388729095459	ba + he + z
930	0.48100749601895365	2.31636118888855	ba + he + z
935	0.48100749601895365	2.11225962638855	ba + he + z
940	0.48100749601895365	2.120546579360962	ba + he + z
945	0.48100749601895365	2.1126856803894043	ba + he + z
950	0.48100749601895365	2.1418352127075195	ba + he + z
955	0.4740163902590593	2.145660400390625	ba + he + z
960	0.4740163902590593	2.1467058658599854	ba + he + z
965	0.4740163902590593	2.1128735542297363	ba + he + z
970	0.4740163902590593	2.116490125656128	ba + he + z
975	0.4740163902590593	2.132413625717163	ba + he + z
980	0.4740163902590593	2.1199028491973877	ba + he + z
985	0.4740163902590593	2.1194982528686523	ba + he + z
990	0.4856099739775508	2.1280229091644287	ba + he + z
995	0.4856099739775508	2.1343538761138916	ba + he + z
1000	0.4856099739775508	2.1356732845306396	ba + he + z
205	0.5315376548724123	2.618438720703125	ba + he + hy + z
210	0.5319454693750728	2.730029582977295	ba + he + hy + z
215	0.5295956810502195	2.775719165802002	ba + he + hy + z
220	0.5410727463393793	2.819464921951294	ba + he + hy + z
225	0.5409173884336039	2.7666406631469727	ba + he + hy + z
230	0.5278284848720239	2.7507171630859375	ba + he + hy + z
235	0.5279255835631336	2.7539992332458496	ba + he + hy + z
240	0.5266050413640424	2.7522149085998535	ba + he + hy + z
245	0.5179244183788403	2.702683687210083	ba + he + hy + z
250	0.5186429486930516	2.5707340240478516	ba + he + hy + z
255	0.5167592340855245	2.563821792602539	ba + he + hy + z
260	0.5313240377519711	2.5872905254364014	ba + he + hy + z
265	0.525090301782732	2.7195401191711426	ba + he + hy + z
270	0.5357323183283489	2.782414436340332	ba + he + hy + z
275	0.5355963801607955	2.781325101852417	ba + he + hy + z
280	0.5314405561813027	2.7622644901275635	ba + he + hy + z
285	0.5199634908921428	2.759246349334717	ba + he + hy + z
290	0.5332077523594982	2.7467355728149414	ba + he + hy + z
295	0.5170699498970754	2.7155754566192627	ba + he + hy + z
300	0.5115741639802696	2.731806993484497	ba + he + hy + z
305	0.5220608226201111	2.730928659439087	ba + he + hy + z
310	0.5202936264419156	2.70306396484375	ba + he + hy + z
315	0.5320814075426263	2.7336692810058594	ba + he + hy + z
320	0.5111080902629432	2.5470073223114014	ba + he + hy + z
325	0.5239251174894163	2.5975756645202637	ba + he + hy + z
330	0.5144094457606712	2.660353660583496	ba + he + hy + z
335	0.5228376121489883	2.6894218921661377	ba + he + hy + z
340	0.5221579213112207	2.618485450744629	ba + he + hy + z
345	0.521788946285004	2.558286190032959	ba + he + hy + z
350	0.513632656231794	2.537416934967041	ba + he + hy + z
355	0.5166815551326368	2.5524096488952637	ba + he + hy + z
360	0.5180215170699499	2.5663788318634033	ba + he + hy + z
365	0.51852643026372	2.6346960067749023	ba + he + hy + z
370	0.4929700547636618	2.662867307662964	ba + he + hy + z
375	0.5180797762846157	2.7288429737091064	ba + he + hy + z
380	0.514739581310444	2.510010004043579	ba + he + hy + z
385	0.5181768749757253	2.7483482360839844	ba + he + hy + z
390	0.5096127704198548	2.52742338180542	ba + he + hy + z
395	0.5178273196877307	2.512291193008423	ba + he + hy + z
400	0.5139239523051229	2.5439281463623047	ba + he + hy + z
405	0.5166232959179711	2.6260669231414795	ba + he + hy + z
410	0.5015729987959763	2.726196050643921	ba + he + hy + z
415	0.5216918475938944	2.7203733921051025	ba + he + hy + z
420	0.5216918475938944	2.659489154815674	ba + he + hy + z
425	0.5189730842428244	2.528268814086914	ba + he + hy + z
430	0.5206626014681323	2.5112478733062744	ba + he + hy + z
435	0.5102536217811784	2.5574512481689453	ba + he + hy + z
440	0.5034372936652813	2.577970027923584	ba + he + hy + z
445	0.5034372936652813	2.636474132537842	ba + he + hy + z
450	0.48862003340194976	2.516818046569824	ba + he + hy + z
455	0.5143123470695615	2.644988536834717	ba + he + hy + z
460	0.5143123470695615	2.6560051441192627	ba + he + hy + z
465	0.5143317668077835	2.676931619644165	ba + he + hy + z
470	0.5105060783780635	2.6565911769866943	ba + he + hy + z
475	0.5105060783780635	2.650225877761841	ba + he + hy + z
480	0.5078455742416592	2.6909196376800537	ba + he + hy + z
485	0.5129529653940265	2.734035015106201	ba + he + hy + z
490	0.5129529653940265	2.5013315677642822	ba + he + hy + z
495	0.5164873577504175	2.507983922958374	ba + he + hy + z
500	0.5164873577504175	2.5157368183135986	ba + he + hy + z
505	0.5145648036664465	2.5629303455352783	ba + he + hy + z
510	0.5145648036664465	2.6796011924743652	ba + he + hy + z
515	0.5077290558123276	2.5172393321990967	ba + he + hy + z
520	0.5035538120946129	2.643669843673706	ba + he + hy + z
525	0.5035538120946129	2.661505937576294	ba + he + hy + z
530	0.5089719190585311	2.6453073024749756	ba + he + hy + z
535	0.5089719190585311	2.650731325149536	ba + he + hy + z
540	0.5151473958131044	2.654714822769165	ba + he + hy + z
545	0.5151473958131044	2.6808934211730957	ba + he + hy + z
550	0.5088554006291995	2.564190149307251	ba + he + hy + z
555	0.5088554006291995	2.635427236557007	ba + he + hy + z
560	0.5088554006291995	2.6557722091674805	ba + he + hy + z
565	0.5106031770691731	2.6594789028167725	ba + he + hy + z
570	0.5106031770691731	2.6369287967681885	ba + he + hy + z
575	0.5102536217811784	2.6385676860809326	ba + he + hy + z
580	0.5102536217811784	2.6614317893981934	ba + he + hy + z
585	0.5073212413096672	2.5592586994171143	ba + he + hy + z
590	0.5073212413096672	2.669550657272339	ba + he + hy + z
595	0.5073212413096672	2.4907891750335693	ba + he + hy + z
600	0.5029712199479551	2.6201624870300293	ba + he + hy + z
605	0.5029712199479551	2.6322498321533203	ba + he + hy + z
610	0.5023497883248533	2.654594659805298	ba + he + hy + z
615	0.5023497883248533	2.5864157676696777	ba + he + hy + z
620	0.5023497883248533	2.630176305770874	ba + he + hy + z
625	0.5015147395813104	2.6267611980438232	ba + he + hy + z
630	0.5015147395813104	2.6462206840515137	ba + he + hy + z
635	0.5015147395813104	2.6337978839874268	ba + he + hy + z
640	0.5113411271216064	2.6163551807403564	ba + he + hy + z
645	0.5113411271216064	2.6931498050689697	ba + he + hy + z
650	0.5016118382724201	2.473714828491211	ba + he + hy + z
655	0.5016118382724201	2.6115522384643555	ba + he + hy + z
660	0.5016118382724201	2.642937660217285	ba + he + hy + z
665	0.4870858740824174	2.654649257659912	ba + he + hy + z
670	0.4870858740824174	2.633730411529541	ba + he + hy + z
675	0.4870858740824174	2.6597447395324707	ba + he + hy + z
680	0.4870858740824174	2.551635980606079	ba + he + hy + z
685	0.4957470773293976	2.609678030014038	ba + he + hy + z
690	0.4957470773293976	2.621339797973633	ba + he + hy + z
695	0.4957470773293976	2.618898630142212	ba + he + hy + z
700	0.4862314056006525	2.662731885910034	ba + he + hy + z
705	0.4862314056006525	2.636362314224243	ba + he + hy + z
710	0.4862314056006525	2.4747297763824463	ba + he + hy + z
715	0.5079815124092127	2.484095811843872	ba + he + hy + z
720	0.5079815124092127	2.485133409500122	ba + he + hy + z
725	0.5079815124092127	2.500872850418091	ba + he + hy + z
730	0.5079815124092127	2.7052125930786133	ba + he + hy + z
735	0.49910669204179126	2.544290542602539	ba + he + hy + z
740	0.49910669204179126	2.6107778549194336	ba + he + hy + z
745	0.49910669204179126	2.620408773422241	ba + he + hy + z
750	0.49910669204179126	2.623258352279663	ba + he + hy + z
755	0.4886006136637278	2.6328847408294678	ba + he + hy + z
760	0.4886006136637278	2.645843505859375	ba + he + hy + z
765	0.4886006136637278	2.556042194366455	ba + he + hy + z
770	0.4886006136637278	2.534862995147705	ba + he + hy + z
775	0.49766963141336856	2.6314003467559814	ba + he + hy + z
780	0.49766963141336856	2.6082534790039062	ba + he + hy + z
785	0.49766963141336856	2.597878932952881	ba + he + hy + z
790	0.49766963141336856	2.6098694801330566	ba + he + hy + z
795	0.49485376937118886	2.600900173187256	ba + he + hy + z
800	0.49485376937118886	2.5202598571777344	ba + he + hy + z
805	0.49485376937118886	2.6061818599700928	ba + he + hy + z
810	0.49485376937118886	2.6024575233459473	ba + he + hy + z
815	0.49485376937118886	2.6544928550720215	ba + he + hy + z
820	0.47947333669942127	2.657090902328491	ba + he + hy + z
825	0.47947333669942127	2.5342962741851807	ba + he + hy + z
830	0.47947333669942127	2.6011126041412354	ba + he + hy + z
835	0.47947333669942127	2.5964105129241943	ba + he + hy + z
840	0.47947333669942127	2.57932186126709	ba + he + hy + z
845	0.4922515244494504	2.6242642402648926	ba + he + hy + z
850	0.4922515244494504	2.5563547611236572	ba + he + hy + z
855	0.4922515244494504	2.5292141437530518	ba + he + hy + z
860	0.4922515244494504	2.626512050628662	ba + he + hy + z
865	0.4922515244494504	2.609074592590332	ba + he + hy + z
870	0.4829300501029246	2.6105902194976807	ba + he + hy + z
875	0.4829300501029246	2.619877576828003	ba + he + hy + z
880	0.4829300501029246	2.5559844970703125	ba + he + hy + z
885	0.4829300501029246	2.5223708152770996	ba + he + hy + z
890	0.4829300501029246	2.609006881713867	ba + he + hy + z
895	0.5110886705247213	2.5871822834014893	ba + he + hy + z
900	0.5110886705247213	2.642995595932007	ba + he + hy + z
905	0.5110886705247213	2.4836106300354004	ba + he + hy + z
910	0.5110886705247213	2.607914924621582	ba + he + hy + z
915	0.5110886705247213	2.6262640953063965	ba + he + hy + z
920	0.5110886705247213	2.620624303817749	ba + he + hy + z
925	0.48192022371538434	2.6589179039001465	ba + he + hy + z
930	0.48192022371538434	2.6252331733703613	ba + he + hy + z
935	0.48192022371538434	2.541412591934204	ba + he + hy + z
940	0.48192022371538434	2.5949952602386475	ba + he + hy + z
945	0.48192022371538434	2.6128954887390137	ba + he + hy + z
950	0.48192022371538434	2.609619617462158	ba + he + hy + z
955	0.47277352701285585	2.608153820037842	ba + he + hy + z
960	0.47277352701285585	2.611147165298462	ba + he + hy + z
965	0.47277352701285585	2.6067252159118652	ba + he + hy + z
970	0.47277352701285585	2.5896120071411133	ba + he + hy + z
975	0.47277352701285585	2.5013177394866943	ba + he + hy + z
980	0.47277352701285585	2.486849069595337	ba + he + hy + z
985	0.47277352701285585	2.511701822280884	ba + he + hy + z
990	0.487182972773527	2.5029966831207275	ba + he + hy + z
995	0.487182972773527	2.506218194961548	ba + he + hy + z
1000	0.487182972773527	2.4944159984588623	ba + he + hy + z
205	0.5364314289043384	1.8121299743652344	ba + he + hy + ms
210	0.5360818736163436	1.8287885189056396	ba + he + hy + ms
215	0.5339651221501535	1.8535311222076416	ba + he + hy + ms
220	0.53433409717637	2.0225517749786377	ba + he + hy + ms
225	0.5345671340350332	1.8047688007354736	ba + he + hy + ms
230	0.526993436128481	1.9003090858459473	ba + he + hy + ms
235	0.525614634714724	2.109802484512329	ba + he + hy + ms
240	0.5258088320969433	1.75040864944458	ba + he + hy + ms
245	0.5249932030916223	1.7729573249816895	ba + he + hy + ms
250	0.5244494504214083	1.883862018585205	ba + he + hy + ms
255	0.5247213267565153	1.7928481101989746	ba + he + hy + ms
260	0.5349749485376937	1.7443642616271973	ba + he + hy + ms
265	0.5264108439818231	1.7463080883026123	ba + he + hy + ms
270	0.5250126228298443	1.7377560138702393	ba + he + hy + ms
275	0.5289742494271177	1.7474262714385986	ba + he + hy + ms
280	0.5296927797413291	1.7450413703918457	ba + he + hy + ms
285	0.5197498737717016	1.7453851699829102	ba + he + hy + ms
290	0.5181380354992815	1.7719314098358154	ba + he + hy + ms
295	0.5185846894783859	1.7774479389190674	ba + he + hy + ms
300	0.5139627917815668	1.7928783893585205	ba + he + hy + ms
305	0.526449683458267	1.7425251007080078	ba + he + hy + ms
310	0.5192449605779315	1.742016315460205	ba + he + hy + ms
315	0.51963335534237	1.7193832397460938	ba + he + hy + ms
320	0.5179244183788403	1.7621877193450928	ba + he + hy + ms
325	0.5166038761797491	1.8812167644500732	ba + he + hy + ms
330	0.5106808560220608	1.7234327793121338	ba + he + hy + ms
335	0.5274400901075853	1.7247662544250488	ba + he + hy + ms
340	0.5157688274362061	1.7459087371826172	ba + he + hy + ms
345	0.5230123897929856	1.7893271446228027	ba + he + hy + ms
350	0.5150891365984387	1.8629748821258545	ba + he + hy + ms
355	0.5219443041907795	1.7449615001678467	ba + he + hy + ms
360	0.5150114576455509	1.8522393703460693	ba + he + hy + ms
365	0.5102730415194003	1.8286848068237305	ba + he + hy + ms
370	0.5145065444517808	1.816514015197754	ba + he + hy + ms
375	0.5177496407348429	1.705068826675415	ba + he + hy + ms
380	0.5048743542937041	1.7365455627441406	ba + he + hy + ms
385	0.5228376121489883	1.7079081535339355	ba + he + hy + ms
390	0.511457645550938	1.7313787937164307	ba + he + hy + ms
395	0.5151668155513264	1.7160091400146484	ba + he + hy + ms
400	0.5101759428282907	1.749587059020996	ba + he + hy + ms
405	0.5160212840330912	1.713446855545044	ba + he + hy + ms
410	0.5134772983260185	1.7240726947784424	ba + he + hy + ms
415	0.5071658834038917	1.7538061141967773	ba + he + hy + ms
420	0.5071658834038917	1.7516980171203613	ba + he + hy + ms
425	0.5102924612576223	1.7578918933868408	ba + he + hy + ms
430	0.5161183827242009	1.7613883018493652	ba + he + hy + ms
435	0.5050685516759235	1.813781499862671	ba + he + hy + ms
440	0.5143317668077835	1.8424837589263916	ba + he + hy + ms
445	0.5143317668077835	1.7837097644805908	ba + he + hy + ms
450	0.5084087466500952	1.6942768096923828	ba + he + hy + ms
455	0.51308890356158	1.700596809387207	ba + he + hy + ms
460	0.51308890356158	1.7056500911712646	ba + he + hy + ms
465	0.5104478191633977	1.7009570598602295	ba + he + hy + ms
470	0.5134384588495747	1.7057216167449951	ba + he + hy + ms
475	0.5134384588495747	1.6973309516906738	ba + he + hy + ms
480	0.5071658834038917	1.7865772247314453	ba + he + hy + ms
485	0.5080397716238785	1.8421318531036377	ba + he + hy + ms
490	0.5080397716238785	1.6988379955291748	ba + he + hy + ms
495	0.5099623257078495	1.7350001335144043	ba + he + hy + ms
500	0.5099623257078495	1.8159983158111572	ba + he + hy + ms
505	0.5077678952887715	1.7714591026306152	ba + he + hy + ms
510	0.5077678952887715	1.73317551612854	ba + he + hy + ms
515	0.5043306016234901	1.7855563163757324	ba + he + hy + ms
520	0.5047966753408164	1.7737507820129395	ba + he + hy + ms
525	0.5047966753408164	1.8135292530059814	ba + he + hy + ms
530	0.5061366372781295	1.7988083362579346	ba + he + hy + ms
535	0.5061366372781295	1.8221638202667236	ba + he + hy + ms
540	0.5037480094768323	1.776256799697876	ba + he + hy + ms
545	0.5037480094768323	1.6937904357910156	ba + he + hy + ms
550	0.507107624189226	1.7002174854278564	ba + he + hy + ms
555	0.507107624189226	1.6996996402740479	ba + he + hy + ms
560	0.507107624189226	1.7115647792816162	ba + he + hy + ms
565	0.5047384161261507	1.714179277420044	ba + he + hy + ms
570	0.5047384161261507	1.7060966491699219	ba + he + hy + ms
575	0.5107973744513924	1.7629609107971191	ba + he + hy + ms
580	0.5107973744513924	1.7599942684173584	ba + he + hy + ms
585	0.5091078572260845	1.6846356391906738	ba + he + hy + ms
590	0.5091078572260845	1.6925318241119385	ba + he + hy + ms
595	0.5091078572260845	1.7027051448822021	ba + he + hy + ms
600	0.49289237581077405	1.6972990036010742	ba + he + hy + ms
605	0.49289237581077405	1.7028865814208984	ba + he + hy + ms
610	0.49166893230279257	1.700416088104248	ba + he + hy + ms
615	0.49166893230279257	1.7076520919799805	ba + he + hy + ms
620	0.49166893230279257	1.7770249843597412	ba + he + hy + ms
625	0.5103895599487319	1.80778169631958	ba + he + hy + ms
630	0.5103895599487319	1.8381788730621338	ba + he + hy + ms
635	0.5103895599487319	1.8315179347991943	ba + he + hy + ms
640	0.5084087466500952	1.8171861171722412	ba + he + hy + ms
645	0.5084087466500952	1.8216795921325684	ba + he + hy + ms
650	0.495358682564959	1.8183598518371582	ba + he + hy + ms
655	0.495358682564959	1.8439974784851074	ba + he + hy + ms
660	0.495358682564959	1.7767353057861328	ba + he + hy + ms
665	0.5073795005243329	1.7183356285095215	ba + he + hy + ms
670	0.5073795005243329	1.7951843738555908	ba + he + hy + ms
675	0.5073795005243329	1.7993550300598145	ba + he + hy + ms
680	0.5073795005243329	1.8143198490142822	ba + he + hy + ms
685	0.499456247329786	1.8685078620910645	ba + he + hy + ms
690	0.499456247329786	1.69162917137146	ba + he + hy + ms
695	0.499456247329786	1.6899096965789795	ba + he + hy + ms
700	0.5004272342408824	1.7539496421813965	ba + he + hy + ms
705	0.5004272342408824	1.8714768886566162	ba + he + hy + ms
710	0.5004272342408824	1.6896069049835205	ba + he + hy + ms
715	0.5060589583252417	1.684377908706665	ba + he + hy + ms
720	0.5060589583252417	1.7629616260528564	ba + he + hy + ms
725	0.5060589583252417	1.8871183395385742	ba + he + hy + ms
730	0.5060589583252417	1.701550006866455	ba + he + hy + ms
735	0.4993979881151202	1.778578519821167	ba + he + hy + ms
740	0.4993979881151202	1.8490841388702393	ba + he + hy + ms
745	0.4993979881151202	1.794926643371582	ba + he + hy + ms
750	0.4993979881151202	1.8161041736602783	ba + he + hy + ms
755	0.4961354720938362	1.7717673778533936	ba + he + hy + ms
760	0.4961354720938362	1.7028865814208984	ba + he + hy + ms
765	0.4961354720938362	1.7276878356933594	ba + he + hy + ms
770	0.4961354720938362	1.7093744277954102	ba + he + hy + ms
775	0.5012622829844253	1.7004504203796387	ba + he + hy + ms
780	0.5012622829844253	1.698615312576294	ba + he + hy + ms
785	0.5012622829844253	1.7097654342651367	ba + he + hy + ms
790	0.5012622829844253	1.7807695865631104	ba + he + hy + ms
795	0.49429059696275296	1.784698486328125	ba + he + hy + ms
800	0.49429059696275296	1.815054178237915	ba + he + hy + ms
805	0.49429059696275296	1.8131952285766602	ba + he + hy + ms
810	0.49429059696275296	1.847808837890625	ba + he + hy + ms
815	0.49429059696275296	1.7321972846984863	ba + he + hy + ms
820	0.4981551248689168	1.744403600692749	ba + he + hy + ms
825	0.4981551248689168	1.7805089950561523	ba + he + hy + ms
830	0.4981551248689168	1.7738368511199951	ba + he + hy + ms
835	0.4981551248689168	1.7905664443969727	ba + he + hy + ms
840	0.4981551248689168	1.8555521965026855	ba + he + hy + ms
845	0.49168835204101446	1.6959478855133057	ba + he + hy + ms
850	0.49168835204101446	1.7036526203155518	ba + he + hy + ms
855	0.49168835204101446	1.7821664810180664	ba + he + hy + ms
860	0.49168835204101446	1.891921043395996	ba + he + hy + ms
865	0.49168835204101446	1.7091295719146729	ba + he + hy + ms
870	0.4943876956538626	1.710815668106079	ba + he + hy + ms
875	0.4943876956538626	1.7665796279907227	ba + he + hy + ms
880	0.4943876956538626	1.863266944885254	ba + he + hy + ms
885	0.4943876956538626	1.708308219909668	ba + he + hy + ms
890	0.4943876956538626	1.7772531509399414	ba + he + hy + ms
895	0.5024080475395192	1.7589597702026367	ba + he + hy + ms
900	0.5024080475395192	1.774062156677246	ba + he + hy + ms
905	0.5024080475395192	1.725851058959961	ba + he + hy + ms
910	0.5024080475395192	1.7033135890960693	ba + he + hy + ms
915	0.5024080475395192	1.7742962837219238	ba + he + hy + ms
920	0.5024080475395192	1.8712265491485596	ba + he + hy + ms
925	0.48378451858468946	1.692284345626831	ba + he + hy + ms
930	0.48378451858468946	1.7037131786346436	ba + he + hy + ms
935	0.48378451858468946	1.7776899337768555	ba + he + hy + ms
940	0.48378451858468946	1.8810338973999023	ba + he + hy + ms
945	0.48378451858468946	1.6929986476898193	ba + he + hy + ms
950	0.48378451858468946	1.7747347354888916	ba + he + hy + ms
955	0.48722181224997085	1.7721960544586182	ba + he + hy + ms
960	0.48722181224997085	1.8226563930511475	ba + he + hy + ms
965	0.48722181224997085	1.8686766624450684	ba + he + hy + ms
970	0.48722181224997085	1.709319829940796	ba + he + hy + ms
975	0.48722181224997085	1.750967264175415	ba + he + hy + ms
980	0.48722181224997085	1.7807731628417969	ba + he + hy + ms
985	0.48722181224997085	1.7777044773101807	ba + he + hy + ms
990	0.48520215947489026	1.7345466613769531	ba + he + hy + ms
995	0.48520215947489026	1.7286977767944336	ba + he + hy + ms
1000	0.48520215947489026	1.7183315753936768	ba + he + hy + ms
205	0.5310521614168641	2.601294755935669	ba + he + ms + z
210	0.5322756049248456	2.5640504360198975	ba + he + ms + z
215	0.5325669009981745	2.5859334468841553	ba + he + ms + z
220	0.5315570746106343	2.5809476375579834	ba + he + ms + z
225	0.531091000893308	2.731903553009033	ba + he + ms + z
230	0.5293238047151124	2.6678977012634277	ba + he + ms + z
235	0.5288383112595643	2.6126291751861572	ba + he + ms + z
240	0.5263720045053792	2.693028688430786	ba + he + ms + z
245	0.5195945158659261	2.6019911766052246	ba + he + ms + z
250	0.5172641472792947	2.666611433029175	ba + he + ms + z
255	0.5177496407348429	2.584209442138672	ba + he + ms + z
260	0.5313822969666369	2.5873992443084717	ba + he + ms + z
265	0.5262943255524916	2.7149057388305664	ba + he + ms + z
270	0.5388200567056356	2.5969810485839844	ba + he + ms + z
275	0.5348390103701403	2.5949695110321045	ba + he + ms + z
280	0.5391696119936303	2.8330318927764893	ba + he + ms + z
285	0.5190507631957121	2.558029890060425	ba + he + ms + z
290	0.5333825300034956	2.7018415927886963	ba + he + ms + z
295	0.5191867013632656	2.709092378616333	ba + he + ms + z
300	0.5215753291645628	2.714550256729126	ba + he + ms + z
305	0.5342369984852604	2.7219886779785156	ba + he + ms + z
310	0.5216335883792287	2.7074875831604004	ba + he + ms + z
315	0.5349749485376937	2.6969826221466064	ba + he + ms + z
320	0.5227987726725444	2.691579818725586	ba + he + ms + z
325	0.5195168369130384	2.7915198802948	ba + he + ms + z
330	0.5151279760748825	2.4995360374450684	ba + he + ms + z
335	0.5266633005787082	2.688899040222168	ba + he + ms + z
340	0.5180991960228376	2.7072694301605225	ba + he + ms + z
345	0.5223909581698839	2.6971535682678223	ba + he + ms + z
350	0.5191090224103779	2.6884851455688477	ba + he + ms + z
355	0.5175166038761797	2.56323504447937	ba + he + ms + z
360	0.5187400473841612	2.564145088195801	ba + he + ms + z
365	0.5174195051850701	2.9386115074157715	ba + he + ms + z
370	0.5126422495824756	2.570023775100708	ba + he + ms + z
375	0.512545150891366	2.8963475227355957	ba + he + ms + z
380	0.5124092127238125	2.568723678588867	ba + he + ms + z
385	0.5193032197925972	2.56758451461792	ba + he + ms + z
390	0.5102536217811784	2.6024599075317383	ba + he + ms + z
395	0.5231871674369829	2.645441770553589	ba + he + ms + z
400	0.5202547869654717	2.796278476715088	ba + he + ms + z
405	0.5131277430380239	2.8016183376312256	ba + he + ms + z
410	0.5037480094768323	2.782764196395874	ba + he + ms + z
415	0.5246436478036276	2.7632453441619873	ba + he + ms + z
420	0.5246436478036276	2.7783544063568115	ba + he + ms + z
425	0.5208956383267953	2.7694849967956543	ba + he + ms + z
430	0.5213422923058997	2.799389123916626	ba + he + ms + z
435	0.5124092127238125	2.5915215015411377	ba + he + ms + z
440	0.5039422068590516	2.5903851985931396	ba + he + ms + z
445	0.5039422068590516	2.6604626178741455	ba + he + ms + z
450	0.48929972423971724	2.611717939376831	ba + he + ms + z
455	0.5155940497922088	2.5637757778167725	ba + he + ms + z
460	0.5155940497922088	2.5613903999328613	ba + he + ms + z
465	0.5147784207868878	2.546952247619629	ba + he + ms + z
470	0.5112828679069407	2.5901803970336914	ba + he + ms + z
475	0.5112828679069407	2.7904679775238037	ba + he + ms + z
480	0.5055152056550277	2.597273111343384	ba + he + ms + z
485	0.5173418262321824	2.629305601119995	ba + he + ms + z
490	0.5173418262321824	2.580381393432617	ba + he + ms + z
495	0.5125645706295879	2.539886474609375	ba + he + ms + z
500	0.5125645706295879	2.4786624908447266	ba + he + ms + z
505	0.5147590010486659	2.481088638305664	ba + he + ms + z
510	0.5147590010486659	2.5463995933532715	ba + he + ms + z
515	0.5087000427234241	2.58998703956604	ba + he + ms + z
520	0.5099040664931836	2.5659244060516357	ba + he + ms + z
525	0.5099040664931836	2.576216220855713	ba + he + ms + z
530	0.5107391152367267	2.4994475841522217	ba + he + ms + z
535	0.5107391152367267	2.639115810394287	ba + he + ms + z
540	0.5154581116246553	2.6206612586975098	ba + he + ms + z
545	0.5154581116246553	2.6378448009490967	ba + he + ms + z
550	0.5094962519905232	2.5207369327545166	ba + he + ms + z
555	0.5094962519905232	2.465336322784424	ba + he + ms + z
560	0.5094962519905232	2.54219651222229	ba + he + ms + z
565	0.5007962092670991	2.475825786590576	ba + he + ms + z
570	0.5007962092670991	2.4800620079040527	ba + he + ms + z
575	0.5108556336660581	2.461707592010498	ba + he + ms + z
580	0.5108556336660581	2.467244863510132	ba + he + ms + z
585	0.5029518002097332	2.5126070976257324	ba + he + ms + z
590	0.5029518002097332	2.547203779220581	ba + he + ms + z
595	0.5029518002097332	2.5760793685913086	ba + he + ms + z
600	0.5047189963879287	2.4422953128814697	ba + he + ms + z
605	0.5047189963879287	2.4518330097198486	ba + he + ms + z
610	0.5021555909426341	2.4670355319976807	ba + he + ms + z
615	0.5021555909426341	2.6175029277801514	ba + he + ms + z
620	0.5021555909426341	2.498839855194092	ba + he + ms + z
625	0.5035538120946129	2.623852252960205	ba + he + ms + z
630	0.5035538120946129	2.6042754650115967	ba + he + ms + z
635	0.5035538120946129	2.5774128437042236	ba + he + ms + z
640	0.5082145492678759	2.5275135040283203	ba + he + ms + z
645	0.5082145492678759	2.511411428451538	ba + he + ms + z
650	0.5013982211519789	2.6226139068603516	ba + he + ms + z
655	0.5013982211519789	2.6129496097564697	ba + he + ms + z
660	0.5013982211519789	2.61738657951355	ba + he + ms + z
665	0.49691226162271335	2.6693115234375	ba + he + ms + z
670	0.49691226162271335	2.514775276184082	ba + he + ms + z
675	0.49691226162271335	2.488149881362915	ba + he + ms + z
680	0.49691226162271335	2.6464931964874268	ba + he + ms + z
685	0.49664038528760635	2.6164839267730713	ba + he + ms + z
690	0.49664038528760635	2.541146993637085	ba + he + ms + z
695	0.49664038528760635	2.4358630180358887	ba + he + ms + z
700	0.5028158620421797	2.5369582176208496	ba + he + ms + z
705	0.5028158620421797	2.4411542415618896	ba + he + ms + z
710	0.5028158620421797	2.517402172088623	ba + he + ms + z
715	0.5085835242940925	2.601837158203125	ba + he + ms + z
720	0.5085835242940925	2.458993434906006	ba + he + ms + z
725	0.5085835242940925	2.45034122467041	ba + he + ms + z
730	0.5085835242940925	2.4756951332092285	ba + he + ms + z
735	0.49060084670058646	2.5084991455078125	ba + he + ms + z
740	0.49060084670058646	2.6694107055664062	ba + he + ms + z
745	0.49060084670058646	2.459277629852295	ba + he + ms + z
750	0.49060084670058646	2.4537274837493896	ba + he + ms + z
755	0.4788713248145415	2.4890992641448975	ba + he + ms + z
760	0.4788713248145415	2.6762897968292236	ba + he + ms + z
765	0.4788713248145415	2.5066046714782715	ba + he + ms + z
770	0.4788713248145415	2.616643190383911	ba + he + ms + z
775	0.501650677748864	2.6277360916137695	ba + he + ms + z
780	0.501650677748864	2.605339288711548	ba + he + ms + z
785	0.501650677748864	2.613708972930908	ba + he + ms + z
790	0.501650677748864	2.5429608821868896	ba + he + ms + z
795	0.49401872062764596	2.489854574203491	ba + he + ms + z
800	0.49401872062764596	2.614274263381958	ba + he + ms + z
805	0.49401872062764596	2.658963680267334	ba + he + ms + z
810	0.49401872062764596	2.5936689376831055	ba + he + ms + z
815	0.49401872062764596	2.6723337173461914	ba + he + ms + z
820	0.5009709869110964	2.4481301307678223	ba + he + ms + z
825	0.5009709869110964	2.4307210445404053	ba + he + ms + z
830	0.5009709869110964	2.4746499061584473	ba + he + ms + z
835	0.5009709869110964	2.508301258087158	ba + he + ms + z
840	0.5009709869110964	2.6209428310394287	ba + he + ms + z
845	0.4952033246591836	2.5842182636260986	ba + he + ms + z
850	0.4952033246591836	2.625772476196289	ba + he + ms + z
855	0.4952033246591836	2.62782883644104	ba + he + ms + z
860	0.4952033246591836	2.6073849201202393	ba + he + ms + z
865	0.4952033246591836	2.6167216300964355	ba + he + ms + z
870	0.49937856837689826	2.5584630966186523	ba + he + ms + z
875	0.49937856837689826	2.589200258255005	ba + he + ms + z
880	0.49937856837689826	2.5634725093841553	ba + he + ms + z
885	0.49937856837689826	2.4559097290039062	ba + he + ms + z
890	0.49937856837689826	2.5021674633026123	ba + he + ms + z
895	0.5063308346603488	2.4686331748962402	ba + he + ms + z
900	0.5063308346603488	2.4408531188964844	ba + he + ms + z
905	0.5063308346603488	2.439896583557129	ba + he + ms + z
910	0.5063308346603488	2.4896321296691895	ba + he + ms + z
915	0.5063308346603488	2.6026573181152344	ba + he + ms + z
920	0.5063308346603488	2.497788667678833	ba + he + ms + z
925	0.4857653318833262	2.451216220855713	ba + he + ms + z
930	0.4857653318833262	2.7367961406707764	ba + he + ms + z
935	0.4857653318833262	2.4426114559173584	ba + he + ms + z
940	0.4857653318833262	2.468177556991577	ba + he + ms + z
945	0.4857653318833262	2.4690372943878174	ba + he + ms + z
950	0.4857653318833262	2.5218255519866943	ba + he + ms + z
955	0.4734532178506234	2.5883281230926514	ba + he + ms + z
960	0.4734532178506234	2.5880751609802246	ba + he + ms + z
965	0.4734532178506234	2.617870807647705	ba + he + ms + z
970	0.4734532178506234	2.6151881217956543	ba + he + ms + z
975	0.4734532178506234	2.6016976833343506	ba + he + ms + z
980	0.4734532178506234	2.6306238174438477	ba + he + ms + z
985	0.4734532178506234	2.5548887252807617	ba + he + ms + z
990	0.4856876529304385	2.5409319400787354	ba + he + ms + z
995	0.4856876529304385	2.435750961303711	ba + he + ms + z
1000	0.4856876529304385	2.519214153289795	ba + he + ms + z
205	0.5389171553967452	21.672229766845703	ba + he + ms + pI + z
210	0.5390336738260768	21.52393078804016	ba + he + ms + pI + z
215	0.5386452790616383	21.471081018447876	ba + he + ms + pI + z
220	0.5387617974909699	21.618507862091064	ba + he + ms + pI + z
225	0.5381986250825339	21.729931116104126	ba + he + ms + pI + z
230	0.5356546393754612	21.2897047996521	ba + he + ms + pI + z
235	0.5356352196372393	21.294265508651733	ba + he + ms + pI + z
240	0.533266011574164	21.5506854057312	ba + he + ms + pI + z
245	0.5240998951334136	21.682291269302368	ba + he + ms + pI + z
250	0.5251485609973977	21.428531169891357	ba + he + ms + pI + z
255	0.524546549112518	21.08639931678772	ba + he + ms + pI + z
260	0.52507088204451	21.513234853744507	ba + he + ms + pI + z
265	0.5263137452907135	21.55797290802002	ba + he + ms + pI + z
270	0.5337709247679341	21.124866008758545	ba + he + ms + pI + z
275	0.5343923563910359	21.318119525909424	ba + he + ms + pI + z
280	0.5396356857109567	20.92745876312256	ba + he + ms + pI + z
285	0.5262749058142696	21.254784107208252	ba + he + ms + pI + z
290	0.5366062065483357	21.079736471176147	ba + he + ms + pI + z
295	0.5257699926204995	20.88000512123108	ba + he + ms + pI + z
300	0.5167592340855245	21.08380699157715	ba + he + ms + pI + z
305	0.5349166893230279	21.05241847038269	ba + he + ms + pI + z
310	0.5248961044005127	20.90494155883789	ba + he + ms + pI + z
315	0.5232648463898707	20.907506227493286	ba + he + ms + pI + z
320	0.5192255408397095	21.035102605819702	ba + he + ms + pI + z
325	0.505981279372354	20.91737937927246	ba + he + ms + pI + z
330	0.5196721948188139	20.98035216331482	ba + he + ms + pI + z
335	0.5334407892181613	21.022809743881226	ba + he + ms + pI + z
340	0.5195168369130384	21.223746299743652	ba + he + ms + pI + z
345	0.5331494931448324	21.036012887954712	ba + he + ms + pI + z
350	0.5197692935099235	20.833927392959595	ba + he + ms + pI + z
355	0.5187594671223832	20.874195337295532	ba + he + ms + pI + z
360	0.5210121567561269	20.92015838623047	ba + he + ms + pI + z
365	0.5168174933001903	20.840559720993042	ba + he + ms + pI + z
370	0.5196527750805919	20.805618047714233	ba + he + ms + pI + z
375	0.513613236493572	20.829627752304077	ba + he + ms + pI + z
380	0.5127199285353633	20.75491714477539	ba + he + ms + pI + z
385	0.5155357905775431	20.90220022201538	ba + he + ms + pI + z
390	0.49986406183244647	20.860657215118408	ba + he + ms + pI + z
395	0.5306443469142036	20.77344512939453	ba + he + ms + pI + z
400	0.5251874004738416	20.938676357269287	ba + he + ms + pI + z
405	0.5160018642948693	20.861222982406616	ba + he + ms + pI + z
410	0.5194779974365945	20.755077362060547	ba + he + ms + pI + z
415	0.5147784207868878	20.883333683013916	ba + he + ms + pI + z
420	0.5147784207868878	20.984620809555054	ba + he + ms + pI + z
425	0.5175942828290675	20.94105052947998	ba + he + ms + pI + z
430	0.5172253078028508	20.844626665115356	ba + he + ms + pI + z
435	0.5171282091117412	20.858556270599365	ba + he + ms + pI + z
440	0.5139627917815668	21.013736724853516	ba + he + ms + pI + z
445	0.5139627917815668	21.259019374847412	ba + he + ms + pI + z
450	0.5127781877500291	21.25146484375	ba + he + ms + pI + z
455	0.5132636812055773	21.409193754196167	ba + he + ms + pI + z
460	0.5132636812055773	21.41171932220459	ba + he + ms + pI + z
465	0.5168174933001903	21.332903385162354	ba + he + ms + pI + z
470	0.5154969511010992	21.098470449447632	ba + he + ms + pI + z
475	0.5154969511010992	21.225865125656128	ba + he + ms + pI + z
480	0.49598011418806076	21.162283897399902	ba + he + ms + pI + z
485	0.5142929273313396	21.036068439483643	ba + he + ms + pI + z
490	0.5142929273313396	21.25337529182434	ba + he + ms + pI + z
495	0.5225463160756593	21.02356505393982	ba + he + ms + pI + z
500	0.5225463160756593	21.13257884979248	ba + he + ms + pI + z
505	0.5153998524099895	20.97131586074829	ba + he + ms + pI + z
510	0.5153998524099895	21.00333046913147	ba + he + ms + pI + z
515	0.5102924612576223	21.763408184051514	ba + he + ms + pI + z
520	0.5086029440323144	21.35748314857483	ba + he + ms + pI + z
525	0.5086029440323144	21.078870058059692	ba + he + ms + pI + z
530	0.5145648036664465	21.010851860046387	ba + he + ms + pI + z
535	0.5145648036664465	21.50657868385315	ba + he + ms + pI + z
540	0.5127393482735852	21.27422595024109	ba + he + ms + pI + z
545	0.5127393482735852	21.552114009857178	ba + he + ms + pI + z
550	0.5204878238241348	21.191538095474243	ba + he + ms + pI + z
555	0.5204878238241348	21.381312370300293	ba + he + ms + pI + z
560	0.5204878238241348	21.580251693725586	ba + he + ms + pI + z
565	0.5082145492678759	21.16426944732666	ba + he + ms + pI + z
570	0.5082145492678759	21.387863874435425	ba + he + ms + pI + z
575	0.5017671961781955	21.579890489578247	ba + he + ms + pI + z
580	0.5017671961781955	21.409610271453857	ba + he + ms + pI + z
585	0.5120984969122616	21.22148585319519	ba + he + ms + pI + z
590	0.5120984969122616	21.110986709594727	ba + he + ms + pI + z
595	0.5120984969122616	21.52810788154602	ba + he + ms + pI + z
600	0.5052239095816988	21.29553198814392	ba + he + ms + pI + z
605	0.5052239095816988	21.484190702438354	ba + he + ms + pI + z
610	0.5099429059696275	21.29594922065735	ba + he + ms + pI + z
615	0.5099429059696275	21.17562985420227	ba + he + ms + pI + z
620	0.5099429059696275	21.1354501247406	ba + he + ms + pI + z
625	0.5134578785877967	21.065836429595947	ba + he + ms + pI + z
630	0.5134578785877967	21.418119192123413	ba + he + ms + pI + z
635	0.5134578785877967	21.420579195022583	ba + he + ms + pI + z
640	0.5080591913621004	21.33960795402527	ba + he + ms + pI + z
645	0.5080591913621004	21.566791772842407	ba + he + ms + pI + z
650	0.4995145065444518	21.172993421554565	ba + he + ms + pI + z
655	0.4995145065444518	21.37895154953003	ba + he + ms + pI + z
660	0.4995145065444518	21.56115984916687	ba + he + ms + pI + z
665	0.5025051462306288	21.306294441223145	ba + he + ms + pI + z
670	0.5025051462306288	21.230533599853516	ba + he + ms + pI + z
675	0.5025051462306288	21.41326069831848	ba + he + ms + pI + z
680	0.5025051462306288	21.47277307510376	ba + he + ms + pI + z
685	0.5059036004194664	21.506020307540894	ba + he + ms + pI + z
690	0.5059036004194664	21.44854497909546	ba + he + ms + pI + z
695	0.5059036004194664	21.425105810165405	ba + he + ms + pI + z
700	0.5047772556025945	21.38907504081726	ba + he + ms + pI + z
705	0.5047772556025945	21.186851263046265	ba + he + ms + pI + z
710	0.5047772556025945	20.745662927627563	ba + he + ms + pI + z
715	0.5117101021478231	20.794207096099854	ba + he + ms + pI + z
720	0.5117101021478231	20.792235851287842	ba + he + ms + pI + z
725	0.5117101021478231	20.695497751235962	ba + he + ms + pI + z
730	0.5117101021478231	20.59845209121704	ba + he + ms + pI + z
735	0.5001747776439973	20.653935194015503	ba + he + ms + pI + z
740	0.5001747776439973	20.66033697128296	ba + he + ms + pI + z
745	0.5001747776439973	20.635281324386597	ba + he + ms + pI + z
750	0.5001747776439973	20.654022932052612	ba + he + ms + pI + z
755	0.48382335806113336	20.89641833305359	ba + he + ms + pI + z
760	0.48382335806113336	20.656202793121338	ba + he + ms + pI + z
765	0.48382335806113336	20.909258365631104	ba + he + ms + pI + z
770	0.48382335806113336	20.76288390159607	ba + he + ms + pI + z
775	0.4984658406804676	20.656827688217163	ba + he + ms + pI + z
780	0.4984658406804676	20.673028469085693	ba + he + ms + pI + z
785	0.4984658406804676	20.691032648086548	ba + he + ms + pI + z
790	0.4984658406804676	20.77082657814026	ba + he + ms + pI + z
795	0.49980580261778074	20.868061065673828	ba + he + ms + pI + z
800	0.49980580261778074	20.772745609283447	ba + he + ms + pI + z
805	0.49980580261778074	20.727092027664185	ba + he + ms + pI + z
810	0.49980580261778074	20.77013874053955	ba + he + ms + pI + z
815	0.49980580261778074	20.747235774993896	ba + he + ms + pI + z
820	0.5017477764399736	20.747268199920654	ba + he + ms + pI + z
825	0.5017477764399736	20.789955139160156	ba + he + ms + pI + z
830	0.5017477764399736	20.70914387702942	ba + he + ms + pI + z
835	0.5017477764399736	20.74173140525818	ba + he + ms + pI + z
840	0.5017477764399736	20.751882076263428	ba + he + ms + pI + z
845	0.49232920340233816	20.740565538406372	ba + he + ms + pI + z
850	0.49232920340233816	20.727546215057373	ba + he + ms + pI + z
855	0.49232920340233816	20.718160152435303	ba + he + ms + pI + z
860	0.49232920340233816	20.7413432598114	ba + he + ms + pI + z
865	0.49232920340233816	20.906507968902588	ba + he + ms + pI + z
870	0.4990290130889036	21.080533981323242	ba + he + ms + pI + z
875	0.4990290130889036	20.880353450775146	ba + he + ms + pI + z
880	0.4990290130889036	20.868058919906616	ba + he + ms + pI + z
885	0.4990290130889036	20.703224658966064	ba + he + ms + pI + z
890	0.4990290130889036	21.03442096710205	ba + he + ms + pI + z
895	0.5030683186390648	20.656125783920288	ba + he + ms + pI + z
900	0.5030683186390648	20.86764669418335	ba + he + ms + pI + z
905	0.5030683186390648	20.611648559570312	ba + he + ms + pI + z
910	0.5030683186390648	20.509847402572632	ba + he + ms + pI + z
915	0.5030683186390648	20.636215448379517	ba + he + ms + pI + z
920	0.5030683186390648	20.699776887893677	ba + he + ms + pI + z
925	0.48997941507748477	20.793415307998657	ba + he + ms + pI + z
930	0.48997941507748477	21.039350509643555	ba + he + ms + pI + z
935	0.48997941507748477	21.01548671722412	ba + he + ms + pI + z
940	0.48997941507748477	20.74903893470764	ba + he + ms + pI + z
945	0.48997941507748477	20.729501962661743	ba + he + ms + pI + z
950	0.48997941507748477	20.758047103881836	ba + he + ms + pI + z
955	0.4819784829300501	20.828201293945312	ba + he + ms + pI + z
960	0.4819784829300501	21.150542974472046	ba + he + ms + pI + z
965	0.4819784829300501	21.04205894470215	ba + he + ms + pI + z
970	0.4819784829300501	20.7366623878479	ba + he + ms + pI + z
975	0.4819784829300501	20.719966888427734	ba + he + ms + pI + z
980	0.4819784829300501	20.701355934143066	ba + he + ms + pI + z
985	0.4819784829300501	20.696680545806885	ba + he + ms + pI + z
990	0.4898628966481532	20.640623807907104	ba + he + ms + pI + z
995	0.4898628966481532	20.714672565460205	ba + he + ms + pI + z
1000	0.4898628966481532	20.707871437072754	ba + he + ms + pI + z
